Measurement report of dcv_sheet_cz_bandgap_v2,,,,,
Generated by DesCoVer 2.6.0,,,,,
Date,2016-11-25 03:58:22 -0600,Author,b48923,,
,,,,,
,,,,,
Testbench: LIB: esd_sm8mvLib - CELL: wunchbell_patrice - VIEW: schematic_cz_bandgap - Fri Nov 25 03:58:25 CST 2016,,,,,
,,,,,
,,,,,
Setup: Parameters or device casing alteration,,,,,
Err:510,,,,,
risetime=100p start=6u th=0.5 ,,,,,
,,,,,
,,,,,
amplitude,length,nominal,min_1p0,width_1p0(s),input_amplitude
-1,0.00000001,1.0225,0.850856,1.12194E-010,8.10608
-1,1.26896E-008,1.0225,0.850856,1.12194E-010,8.10608
-1,1.61026E-008,1.0225,0.850856,1.12194E-010,8.10608
-1,2.04336E-008,1.0225,0.850856,1.12194E-010,8.10608
-1,2.59294E-008,1.0225,0.850856,1.12194E-010,8.10608
-1,3.29034E-008,1.0225,0.850856,1.12194E-010,8.10608
-1,4.17532E-008,1.0225,0.850856,1.12194E-010,8.10608
-1,0.000000053,1.0225,0.850856,1.12194E-010,8.10608
-1,6.72336E-008,1.0225,0.850856,1.12194E-010,8.10608
-1,8.53168E-008,1.0225,0.850856,1.12194E-010,8.10608
-1,1.08264E-007,1.0225,0.850856,1.12194E-010,8.10608
-1,1.37382E-007,1.0225,0.850856,1.12194E-010,8.10608
-1,1.74333E-007,1.0225,0.850856,1.12194E-010,8.10608
-1,2.21222E-007,1.0225,0.850856,1.12194E-010,8.10608
-1,2.80722E-007,1.0225,0.850856,1.12194E-010,8.10608
-1,3.56225E-007,1.0225,0.850856,1.12194E-010,8.10608
-1,0.000000452,1.0225,0.850856,1.12194E-010,8.10608
-1,5.73615E-007,1.0225,0.850856,1.12194E-010,8.10608
-1,7.27895E-007,1.0225,0.850856,1.12194E-010,8.10608
-1,9.23671E-007,1.0225,0.850856,1.12194E-010,8.10608
-1,1.1721E-006,1.0225,0.850856,1.12194E-010,8.10608
-1,1.48735E-006,1.0225,0.850856,1.12194E-010,8.10608
-1,1.88739E-006,1.0225,0.850856,1.12194E-010,8.10608
-1,0.000002395,1.0225,0.850856,1.12194E-010,8.10608
-1,3.0392E-006,1.0225,0.850856,1.12194E-010,8.10608
-1,3.85662E-006,1.0225,0.850856,1.12194E-010,8.10608
-1,4.8939E-006,1.0225,0.850856,1.12194E-010,8.10608
-1,6.21017E-006,1.0225,0.850856,1.12194E-010,8.10608
-1,7.88046E-006,1.0225,0.850856,1.12194E-010,8.10608
-1,0.00001,1.0225,0.850856,1.12194E-010,8.10608
-1.5,0.00000001,1.0225,0.76744,1.12749E-010,7.65928
-1.5,1.26896E-008,1.0225,0.76744,1.12749E-010,7.65928
-1.5,1.61026E-008,1.0225,0.76744,1.12749E-010,7.65928
-1.5,2.04336E-008,1.0225,0.76744,1.12749E-010,7.65928
-1.5,2.59294E-008,1.0225,0.76744,1.12749E-010,7.65928
-1.5,3.29034E-008,1.0225,0.76744,1.12749E-010,7.65928
-1.5,4.17532E-008,1.0225,0.76744,1.12749E-010,7.65928
-1.5,0.000000053,1.0225,0.76744,1.12749E-010,7.65928
-1.5,6.72336E-008,1.0225,0.76744,1.12749E-010,7.65928
-1.5,8.53168E-008,1.0225,0.76744,1.12749E-010,7.65928
-1.5,1.08264E-007,1.0225,0.76744,1.12749E-010,7.65928
-1.5,1.37382E-007,1.0225,0.76744,1.12749E-010,7.65928
-1.5,1.74333E-007,1.0225,0.76744,1.12749E-010,7.65928
-1.5,2.21222E-007,1.0225,0.76744,1.12749E-010,7.65928
-1.5,2.80722E-007,1.0225,0.76744,1.12749E-010,7.65928
-1.5,3.56225E-007,1.0225,0.76744,1.12749E-010,7.65928
-1.5,0.000000452,1.0225,0.76744,1.12749E-010,7.65928
-1.5,5.73615E-007,1.0225,0.76744,1.12749E-010,7.65928
-1.5,7.27895E-007,1.0225,0.76744,1.12749E-010,7.65928
-1.5,9.23671E-007,1.0225,0.76744,1.12749E-010,7.65928
-1.5,1.1721E-006,1.0225,0.76744,1.12749E-010,7.65928
-1.5,1.48735E-006,1.0225,0.76744,1.12749E-010,7.65928
-1.5,1.88739E-006,1.0225,0.76744,1.12749E-010,7.65928
-1.5,0.000002395,1.0225,0.76744,1.12749E-010,7.65928
-1.5,3.0392E-006,1.0225,0.76744,1.12749E-010,7.65928
-1.5,3.85662E-006,1.0225,0.76744,1.12749E-010,7.65928
-1.5,4.8939E-006,1.0225,0.76744,1.12749E-010,7.65928
-1.5,6.21017E-006,1.0225,0.76744,1.12749E-010,7.65928
-1.5,7.88046E-006,1.0225,0.76744,1.12749E-010,7.65928
-1.5,0.00001,1.0225,0.76744,1.12749E-010,7.65928
-2,0.00000001,1.0225,0.68423,1.12773E-010,7.21244
-2,1.26896E-008,1.0225,0.68423,1.12773E-010,7.21244
-2,1.61026E-008,1.0225,0.68423,1.12773E-010,7.21244
-2,2.04336E-008,1.0225,0.68423,1.12773E-010,7.21244
-2,2.59294E-008,1.0225,0.68423,1.12773E-010,7.21244
-2,3.29034E-008,1.0225,0.68423,1.12773E-010,7.21244
-2,4.17532E-008,1.0225,0.68423,1.12773E-010,7.21244
-2,0.000000053,1.0225,0.68423,1.12773E-010,7.21244
-2,6.72336E-008,1.0225,0.68423,1.12773E-010,7.21244
-2,8.53168E-008,1.0225,0.68423,1.12773E-010,7.21244
-2,1.08264E-007,1.0225,0.68423,1.12773E-010,7.21244
-2,1.37382E-007,1.0225,0.68423,1.12773E-010,7.21244
-2,1.74333E-007,1.0225,0.68423,1.12773E-010,7.21244
-2,2.21222E-007,1.0225,0.68423,1.12773E-010,7.21244
-2,2.80722E-007,1.0225,0.68423,1.12773E-010,7.21244
-2,3.56225E-007,1.0225,0.68423,1.12773E-010,7.21244
-2,0.000000452,1.0225,0.68423,1.12773E-010,7.21244
-2,5.73615E-007,1.0225,0.68423,1.12773E-010,7.21244
-2,7.27895E-007,1.0225,0.68423,1.12773E-010,7.21244
-2,9.23671E-007,1.0225,0.68423,1.12773E-010,7.21244
-2,1.1721E-006,1.0225,0.68423,1.12773E-010,7.21244
-2,1.48735E-006,1.0225,0.68423,1.12773E-010,7.21244
-2,1.88739E-006,1.0225,0.68423,1.12773E-010,7.21244
-2,0.000002395,1.0225,0.68423,1.12773E-010,7.21244
-2,3.0392E-006,1.0225,0.68423,1.12773E-010,7.21244
-2,3.85662E-006,1.0225,0.68423,1.12773E-010,7.21244
-2,4.8939E-006,1.0225,0.68423,1.12773E-010,7.21244
-2,6.21017E-006,1.0225,0.68423,1.12773E-010,7.21244
-2,7.88046E-006,1.0225,0.68423,1.12773E-010,7.21244
-2,0.00001,1.0225,0.68423,1.12773E-010,7.21244
-2.5,0.00000001,1.0225,0.601132,1.13285E-010,6.76593
-2.5,1.26896E-008,1.0225,0.601132,1.13285E-010,6.76593
-2.5,1.61026E-008,1.0225,0.601132,1.13285E-010,6.76593
-2.5,2.04336E-008,1.0225,0.601132,1.13285E-010,6.76593
-2.5,2.59294E-008,1.0225,0.601132,1.13285E-010,6.76593
-2.5,3.29034E-008,1.0225,0.601132,1.13285E-010,6.76593
-2.5,4.17532E-008,1.0225,0.601132,1.13285E-010,6.76593
-2.5,0.000000053,1.0225,0.601132,1.13285E-010,6.76593
-2.5,6.72336E-008,1.0225,0.601132,1.13285E-010,6.76593
-2.5,8.53168E-008,1.0225,0.601132,1.13285E-010,6.76593
-2.5,1.08264E-007,1.0225,0.601132,1.13285E-010,6.76593
-2.5,1.37382E-007,1.0225,0.601132,1.13285E-010,6.76593
-2.5,1.74333E-007,1.0225,0.601132,1.13285E-010,6.76593
-2.5,2.21222E-007,1.0225,0.601132,1.13285E-010,6.76593
-2.5,2.80722E-007,1.0225,0.601132,1.13285E-010,6.76593
-2.5,3.56225E-007,1.0225,0.601132,1.13285E-010,6.76593
-2.5,0.000000452,1.0225,0.601132,1.13285E-010,6.76593
-2.5,5.73615E-007,1.0225,0.601132,1.13285E-010,6.76593
-2.5,7.27895E-007,1.0225,0.601132,1.13285E-010,6.76593
-2.5,9.23671E-007,1.0225,0.601132,1.13285E-010,6.76593
-2.5,1.1721E-006,1.0225,0.601132,1.13285E-010,6.76593
-2.5,1.48735E-006,1.0225,0.601132,1.13285E-010,6.76593
-2.5,1.88739E-006,1.0225,0.601132,1.13285E-010,6.76593
-2.5,0.000002395,1.0225,0.601132,1.13285E-010,6.76593
-2.5,3.0392E-006,1.0225,0.601132,1.13285E-010,6.76593
-2.5,3.85662E-006,1.0225,0.601132,1.13285E-010,6.76593
-2.5,4.8939E-006,1.0225,0.601132,1.13285E-010,6.76593
-2.5,6.21017E-006,1.0225,0.601132,1.13285E-010,6.76593
-2.5,7.88046E-006,1.0225,0.601132,1.13285E-010,6.76593
-2.5,0.00001,1.0225,0.601132,1.13285E-010,6.76593
-3,0.00000001,1.0225,0.518228,1.13678E-010,6.31956
-3,1.26896E-008,1.0225,0.518228,1.13678E-010,6.31956
-3,1.61026E-008,1.0225,0.518228,1.13678E-010,6.31956
-3,2.04336E-008,1.0225,0.518228,1.13678E-010,6.31956
-3,2.59294E-008,1.0225,0.518228,1.13678E-010,6.31956
-3,3.29034E-008,1.0225,0.518228,1.13678E-010,6.31956
-3,4.17532E-008,1.0225,0.518228,1.13678E-010,6.31956
-3,0.000000053,1.0225,0.518228,1.13678E-010,6.31956
-3,6.72336E-008,1.0225,0.518228,1.13678E-010,6.31956
-3,8.53168E-008,1.0225,0.518228,1.13678E-010,6.31956
-3,1.08264E-007,1.0225,0.518228,1.13678E-010,6.31956
-3,1.37382E-007,1.0225,0.518228,1.13678E-010,6.31956
-3,1.74333E-007,1.0225,0.518228,1.13678E-010,6.31956
-3,2.21222E-007,1.0225,0.518228,1.13678E-010,6.31956
-3,2.80722E-007,1.0225,0.518228,1.13678E-010,6.31956
-3,3.56225E-007,1.0225,0.518228,1.13678E-010,6.31956
-3,0.000000452,1.0225,0.518228,1.13678E-010,6.31956
-3,5.73615E-007,1.0225,0.518228,1.13678E-010,6.31956
-3,7.27895E-007,1.0225,0.518228,1.13678E-010,6.31956
-3,9.23671E-007,1.0225,0.518228,1.13678E-010,6.31956
-3,1.1721E-006,1.0225,0.518228,1.13678E-010,6.31956
-3,1.48735E-006,1.0225,0.518228,1.13678E-010,6.31956
-3,1.88739E-006,1.0225,0.518228,1.13678E-010,6.31956
-3,0.000002395,1.0225,0.518228,1.13678E-010,6.31956
-3,3.0392E-006,1.0225,0.518228,1.13678E-010,6.31956
-3,3.85662E-006,1.0225,0.518228,1.13678E-010,6.31956
-3,4.8939E-006,1.0225,0.518228,1.13678E-010,6.31956
-3,6.21017E-006,1.0225,0.518228,1.13678E-010,6.31956
-3,7.88046E-006,1.0225,0.518228,1.13678E-010,6.31956
-3,0.00001,1.0225,0.518228,1.13678E-010,6.31956
-3.5,0.00000001,1.0225,0.435472,1.14032E-010,5.87373
-3.5,1.26896E-008,1.0225,0.435472,1.14032E-010,5.87373
-3.5,1.61026E-008,1.0225,0.435472,1.14032E-010,5.87373
-3.5,2.04336E-008,1.0225,0.435472,1.14032E-010,5.87373
-3.5,2.59294E-008,1.0225,0.435472,1.14032E-010,5.87373
-3.5,3.29034E-008,1.0225,0.435472,1.14032E-010,5.87373
-3.5,4.17532E-008,1.0225,0.435472,1.14032E-010,5.87373
-3.5,0.000000053,1.0225,0.435472,1.14032E-010,5.87373
-3.5,6.72336E-008,1.0225,0.435472,1.14032E-010,5.87373
-3.5,8.53168E-008,1.0225,0.435472,1.14032E-010,5.87373
-3.5,1.08264E-007,1.0225,0.435472,1.14032E-010,5.87373
-3.5,1.37382E-007,1.0225,0.435472,1.14032E-010,5.87373
-3.5,1.74333E-007,1.0225,0.435472,1.14032E-010,5.87373
-3.5,2.21222E-007,1.0225,0.435472,1.14032E-010,5.87373
-3.5,2.80722E-007,1.0225,0.435472,1.14032E-010,5.87373
-3.5,3.56225E-007,1.0225,0.435472,1.14032E-010,5.87373
-3.5,0.000000452,1.0225,0.435472,1.14032E-010,5.87373
-3.5,5.73615E-007,1.0225,0.435472,1.14032E-010,5.87373
-3.5,7.27895E-007,1.0225,0.435472,1.14032E-010,5.87373
-3.5,9.23671E-007,1.0225,0.435472,1.14032E-010,5.87373
-3.5,1.1721E-006,1.0225,0.435472,1.14032E-010,5.87373
-3.5,1.48735E-006,1.0225,0.435472,1.14032E-010,5.87373
-3.5,1.88739E-006,1.0225,0.435472,1.14032E-010,5.87373
-3.5,0.000002395,1.0225,0.435472,1.14032E-010,5.87373
-3.5,3.0392E-006,1.0225,0.435472,1.14032E-010,5.87373
-3.5,3.85662E-006,1.0225,0.435472,1.14032E-010,5.87373
-3.5,4.8939E-006,1.0225,0.435472,1.14032E-010,5.87373
-3.5,6.21017E-006,1.0225,0.435472,1.14032E-010,5.87373
-3.5,7.88046E-006,1.0225,0.435472,1.14032E-010,5.87373
-3.5,0.00001,1.0225,0.435472,1.14032E-010,5.87373
-4,0.00000001,1.0225,0.352957,1.1333E-010,5.42852
-4,1.26896E-008,1.0225,0.352957,1.1333E-010,5.42852
-4,1.61026E-008,1.0225,0.352957,1.1333E-010,5.42852
-4,2.04336E-008,1.0225,0.352957,1.1333E-010,5.42852
-4,2.59294E-008,1.0225,0.352957,1.1333E-010,5.42852
-4,3.29034E-008,1.0225,0.352957,1.1333E-010,5.42852
-4,4.17532E-008,1.0225,0.352957,1.1333E-010,5.42852
-4,0.000000053,1.0225,0.352957,1.1333E-010,5.42852
-4,6.72336E-008,1.0225,0.352957,1.1333E-010,5.42852
-4,8.53168E-008,1.0225,0.352957,1.1333E-010,5.42852
-4,1.08264E-007,1.0225,0.352957,1.1333E-010,5.42852
-4,1.37382E-007,1.0225,0.352957,1.1333E-010,5.42852
-4,1.74333E-007,1.0225,0.352957,1.1333E-010,5.42852
-4,2.21222E-007,1.0225,0.352957,1.1333E-010,5.42852
-4,2.80722E-007,1.0225,0.352957,1.1333E-010,5.42852
-4,3.56225E-007,1.0225,0.352957,1.1333E-010,5.42852
-4,0.000000452,1.0225,0.352957,1.1333E-010,5.42852
-4,5.73615E-007,1.0225,0.352957,1.1333E-010,5.42852
-4,7.27895E-007,1.0225,0.352957,1.1333E-010,5.42852
-4,9.23671E-007,1.0225,0.352957,1.1333E-010,5.42852
-4,1.1721E-006,1.0225,0.352957,1.1333E-010,5.42852
-4,1.48735E-006,1.0225,0.352957,1.1333E-010,5.42852
-4,1.88739E-006,1.0225,0.352957,1.1333E-010,5.42852
-4,0.000002395,1.0225,0.352957,1.1333E-010,5.42852
-4,3.0392E-006,1.0225,0.352957,1.1333E-010,5.42852
-4,3.85662E-006,1.0225,0.352957,1.1333E-010,5.42852
-4,4.8939E-006,1.0225,0.352957,1.1333E-010,5.42852
-4,6.21017E-006,1.0225,0.352957,1.1333E-010,5.42852
-4,7.88046E-006,1.0225,0.352957,1.1333E-010,5.42852
-4,0.00001,1.0225,0.352957,1.1333E-010,5.42852
-4.5,0.00000001,1.0225,0.270259,1.13693E-010,4.98451
-4.5,1.26896E-008,1.0225,0.270259,1.13693E-010,4.98451
-4.5,1.61026E-008,1.0225,0.270259,1.13693E-010,4.98451
-4.5,2.04336E-008,1.0225,0.270259,1.13693E-010,4.98451
-4.5,2.59294E-008,1.0225,0.270259,1.13693E-010,4.98451
-4.5,3.29034E-008,1.0225,0.270259,1.13693E-010,4.98451
-4.5,4.17532E-008,1.0225,0.270259,1.13693E-010,4.98451
-4.5,0.000000053,1.0225,0.270259,1.13693E-010,4.98451
-4.5,6.72336E-008,1.0225,0.270259,1.13693E-010,4.98451
-4.5,8.53168E-008,1.0225,0.270259,1.13693E-010,4.98451
-4.5,1.08264E-007,1.0225,0.270259,1.13693E-010,4.98451
-4.5,1.37382E-007,1.0225,0.270259,1.13693E-010,4.98451
-4.5,1.74333E-007,1.0225,0.270259,1.13693E-010,4.98451
-4.5,2.21222E-007,1.0225,0.270259,1.13693E-010,4.98451
-4.5,2.80722E-007,1.0225,0.270259,1.13693E-010,4.98451
-4.5,3.56225E-007,1.0225,0.270259,1.13693E-010,4.98451
-4.5,0.000000452,1.0225,0.270259,1.13693E-010,4.98451
-4.5,5.73615E-007,1.0225,0.270259,1.13693E-010,4.98451
-4.5,7.27895E-007,1.0225,0.270259,1.13693E-010,4.98451
-4.5,9.23671E-007,1.0225,0.270259,1.13693E-010,4.98451
-4.5,1.1721E-006,1.0225,0.270259,1.13693E-010,4.98451
-4.5,1.48735E-006,1.0225,0.270259,1.13693E-010,4.98451
-4.5,1.88739E-006,1.0225,0.270259,1.13693E-010,4.98451
-4.5,0.000002395,1.0225,0.270259,1.13693E-010,4.98451
-4.5,3.0392E-006,1.0225,0.270259,1.13693E-010,4.98451
-4.5,3.85662E-006,1.0225,0.270259,1.13693E-010,4.98451
-4.5,4.8939E-006,1.0225,0.270259,1.13693E-010,4.98451
-4.5,6.21017E-006,1.0225,0.270259,1.13693E-010,4.98451
-4.5,7.88046E-006,1.0225,0.270259,1.13693E-010,4.98451
-4.5,0.00001,1.0225,0.270259,1.13693E-010,4.98451
-5,0.00000001,1.0225,0.187598,1.13881E-010,4.54173
-5,1.26896E-008,1.0225,0.187598,1.13881E-010,4.54173
-5,1.61026E-008,1.0225,0.187598,1.13881E-010,4.54173
-5,2.04336E-008,1.0225,0.187598,1.13881E-010,4.54173
-5,2.59294E-008,1.0225,0.187598,1.13881E-010,4.54173
-5,3.29034E-008,1.0225,0.187598,1.13881E-010,4.54173
-5,4.17532E-008,1.0225,0.187598,1.13881E-010,4.54173
-5,0.000000053,1.0225,0.187598,1.13881E-010,4.54173
-5,6.72336E-008,1.0225,0.187598,1.13881E-010,4.54173
-5,8.53168E-008,1.0225,0.187598,1.13881E-010,4.54173
-5,1.08264E-007,1.0225,0.187598,1.13881E-010,4.54173
-5,1.37382E-007,1.0225,0.187598,1.13881E-010,4.54173
-5,1.74333E-007,1.0225,0.187598,1.13881E-010,4.54173
-5,2.21222E-007,1.0225,0.187598,1.13881E-010,4.54173
-5,2.80722E-007,1.0225,0.187598,1.13881E-010,4.54173
-5,3.56225E-007,1.0225,0.187598,1.13881E-010,4.54173
-5,0.000000452,1.0225,0.187598,1.13881E-010,4.54173
-5,5.73615E-007,1.0225,0.187598,1.13881E-010,4.54173
-5,7.27895E-007,1.0225,0.187598,1.13881E-010,4.54173
-5,9.23671E-007,1.0225,0.187598,1.13881E-010,4.54173
-5,1.1721E-006,1.0225,0.187598,1.13881E-010,4.54173
-5,1.48735E-006,1.0225,0.187598,1.13881E-010,4.54173
-5,1.88739E-006,1.0225,0.187598,1.13881E-010,4.54173
-5,0.000002395,1.0225,0.187598,1.13881E-010,4.54173
-5,3.0392E-006,1.0225,0.187598,1.13881E-010,4.54173
-5,3.85662E-006,1.0225,0.187598,1.13881E-010,4.54173
-5,4.8939E-006,1.0225,0.187598,1.13881E-010,4.54173
-5,6.21017E-006,1.0225,0.187598,1.13881E-010,4.54173
-5,7.88046E-006,1.0225,0.187598,1.13881E-010,4.54173
-5,0.00001,1.0225,0.187598,1.13881E-010,4.54173
-5.5,0.00000001,1.0225,0.104883,1.14211E-010,4.09994
-5.5,1.26896E-008,1.0225,0.104883,1.14211E-010,4.09994
-5.5,1.61026E-008,1.0225,0.104883,1.14211E-010,4.09994
-5.5,2.04336E-008,1.0225,0.104883,1.14211E-010,4.09994
-5.5,2.59294E-008,1.0225,0.104883,1.14211E-010,4.09994
-5.5,3.29034E-008,1.0225,0.104883,1.14211E-010,4.09994
-5.5,4.17532E-008,1.0225,0.104883,1.14211E-010,4.09994
-5.5,0.000000053,1.0225,0.104883,1.14211E-010,4.09994
-5.5,6.72336E-008,1.0225,0.104883,1.14211E-010,4.09994
-5.5,8.53168E-008,1.0225,0.104883,1.14211E-010,4.09994
-5.5,1.08264E-007,1.0225,0.104883,1.14211E-010,4.09994
-5.5,1.37382E-007,1.0225,0.104883,1.14211E-010,4.09994
-5.5,1.74333E-007,1.0225,0.104883,1.14211E-010,4.09994
-5.5,2.21222E-007,1.0225,0.104883,1.14211E-010,4.09994
-5.5,2.80722E-007,1.0225,0.104883,1.14211E-010,4.09994
-5.5,3.56225E-007,1.0225,0.104883,1.14211E-010,4.09994
-5.5,0.000000452,1.0225,0.104883,1.14211E-010,4.09994
-5.5,5.73615E-007,1.0225,0.104883,1.14211E-010,4.09994
-5.5,7.27895E-007,1.0225,0.104883,1.14211E-010,4.09994
-5.5,9.23671E-007,1.0225,0.104883,1.14211E-010,4.09994
-5.5,1.1721E-006,1.0225,0.104883,1.14211E-010,4.09994
-5.5,1.48735E-006,1.0225,0.104883,1.14211E-010,4.09994
-5.5,1.88739E-006,1.0225,0.104883,1.14211E-010,4.09994
-5.5,0.000002395,1.0225,0.104883,1.14211E-010,4.09994
-5.5,3.0392E-006,1.0225,0.104883,1.14211E-010,4.09994
-5.5,3.85662E-006,1.0225,0.104883,1.14211E-010,4.09994
-5.5,4.8939E-006,1.0225,0.104883,1.14211E-010,4.09994
-5.5,6.21017E-006,1.0225,0.104883,1.14211E-010,4.09994
-5.5,7.88046E-006,1.0225,0.104883,1.14211E-010,4.09994
-5.5,0.00001,1.0225,0.104883,1.14211E-010,4.09994
-6,0.00000001,1.0225,0.0215848,1.14381E-010,3.65922
-6,1.26896E-008,1.0225,0.0215848,1.14381E-010,3.65922
-6,1.61026E-008,1.0225,0.0215848,1.14381E-010,3.65922
-6,2.04336E-008,1.0225,0.0215848,1.14381E-010,3.65922
-6,2.59294E-008,1.0225,0.0215848,1.14381E-010,3.65922
-6,3.29034E-008,1.0225,0.0215848,1.14381E-010,3.65922
-6,4.17532E-008,1.0225,0.0215848,1.14381E-010,3.65922
-6,0.000000053,1.0225,0.0215848,1.14381E-010,3.65922
-6,6.72336E-008,1.0225,0.0215848,1.14381E-010,3.65922
-6,8.53168E-008,1.0225,0.0215848,1.14381E-010,3.65922
-6,1.08264E-007,1.0225,0.0215848,1.14381E-010,3.65922
-6,1.37382E-007,1.0225,0.0215848,1.14381E-010,3.65922
-6,1.74333E-007,1.0225,0.0215848,1.14381E-010,3.65922
-6,2.21222E-007,1.0225,0.0215848,1.14381E-010,3.65922
-6,2.80722E-007,1.0225,0.0215848,1.14381E-010,3.65922
-6,3.56225E-007,1.0225,0.0215848,1.14381E-010,3.65922
-6,0.000000452,1.0225,0.0215848,1.14381E-010,3.65922
-6,5.73615E-007,1.0225,0.0215848,1.14381E-010,3.65922
-6,7.27895E-007,1.0225,0.0215848,1.14381E-010,3.65922
-6,9.23671E-007,1.0225,0.0215848,1.14381E-010,3.65922
-6,1.1721E-006,1.0225,0.0215848,1.14381E-010,3.65922
-6,1.48735E-006,1.0225,0.0215848,1.14381E-010,3.65922
-6,1.88739E-006,1.0225,0.0215848,1.14381E-010,3.65922
-6,0.000002395,1.0225,0.0215848,1.14381E-010,3.65922
-6,3.0392E-006,1.0225,0.0215848,1.14381E-010,3.65922
-6,3.85662E-006,1.0225,0.0215848,1.14381E-010,3.65922
-6,4.8939E-006,1.0225,0.0215848,1.14381E-010,3.65922
-6,6.21017E-006,1.0225,0.0215848,1.14381E-010,3.65922
-6,7.88046E-006,1.0225,0.0215848,1.14381E-010,3.65922
-6,0.00001,1.0225,0.0215848,1.14381E-010,3.65922
-6.5,0.00000001,1.0225,-0.0619483,1.14799E-010,3.22088
-6.5,1.26896E-008,1.0225,-0.0619483,1.14799E-010,3.22088
-6.5,1.61026E-008,1.0225,-0.0619483,1.14799E-010,3.22088
-6.5,2.04336E-008,1.0225,-0.0619483,1.14799E-010,3.22088
-6.5,2.59294E-008,1.0225,-0.0619483,1.14799E-010,3.22088
-6.5,3.29034E-008,1.0225,-0.0619483,1.14799E-010,3.22088
-6.5,4.17532E-008,1.0225,-0.0619483,1.14799E-010,3.22088
-6.5,0.000000053,1.0225,-0.0619483,1.14799E-010,3.22088
-6.5,6.72336E-008,1.0225,-0.0619483,1.14799E-010,3.22088
-6.5,8.53168E-008,1.0225,-0.0619483,1.14799E-010,3.22088
-6.5,1.08264E-007,1.0225,-0.0619483,1.14799E-010,3.22088
-6.5,1.37382E-007,1.0225,-0.0619483,1.14799E-010,3.22088
-6.5,1.74333E-007,1.0225,-0.0619483,1.14799E-010,3.22088
-6.5,2.21222E-007,1.0225,-0.0619483,1.14799E-010,3.22088
-6.5,2.80722E-007,1.0225,-0.0619483,1.14799E-010,3.22088
-6.5,3.56225E-007,1.0225,-0.0619483,1.14799E-010,3.22088
-6.5,0.000000452,1.0225,-0.0619483,1.14799E-010,3.22088
-6.5,5.73615E-007,1.0225,-0.0619483,1.14799E-010,3.22088
-6.5,7.27895E-007,1.0225,-0.0619483,1.14799E-010,3.22088
-6.5,9.23671E-007,1.0225,-0.0619483,1.14799E-010,3.22088
-6.5,1.1721E-006,1.0225,-0.0619483,1.14799E-010,3.22088
-6.5,1.48735E-006,1.0225,-0.0619483,1.14799E-010,3.22088
-6.5,1.88739E-006,1.0225,-0.0619483,1.14799E-010,3.22088
-6.5,0.000002395,1.0225,-0.0619483,1.14799E-010,3.22088
-6.5,3.0392E-006,1.0225,-0.0619483,1.14799E-010,3.22088
-6.5,3.85662E-006,1.0225,-0.0619483,1.14799E-010,3.22088
-6.5,4.8939E-006,1.0225,-0.0619483,1.14799E-010,3.22088
-6.5,6.21017E-006,1.0225,-0.0619483,1.14799E-010,3.22088
-6.5,7.88046E-006,1.0225,-0.0619483,1.14799E-010,3.22088
-6.5,0.00001,1.0225,-0.0619483,1.14799E-010,3.22088
-7,0.00000001,1.0225,-0.14572,1.15272E-010,2.78505
-7,1.26896E-008,1.0225,-0.14572,1.15272E-010,2.78505
-7,1.61026E-008,1.0225,-0.14572,1.15272E-010,2.78505
-7,2.04336E-008,1.0225,-0.14572,1.15272E-010,2.78505
-7,2.59294E-008,1.0225,-0.14572,1.15272E-010,2.78505
-7,3.29034E-008,1.0225,-0.14572,1.15272E-010,2.78505
-7,4.17532E-008,1.0225,-0.14572,1.15272E-010,2.78505
-7,0.000000053,1.0225,-0.14572,1.15272E-010,2.78505
-7,6.72336E-008,1.0225,-0.14572,1.15272E-010,2.78505
-7,8.53168E-008,1.0225,-0.14572,1.15272E-010,2.78505
-7,1.08264E-007,1.0225,-0.14572,1.15272E-010,2.78505
-7,1.37382E-007,1.0225,-0.14572,1.15272E-010,2.78505
-7,1.74333E-007,1.0225,-0.14572,1.15272E-010,2.78505
-7,2.21222E-007,1.0225,-0.14572,1.15272E-010,2.78505
-7,2.80722E-007,1.0225,-0.14572,1.15272E-010,2.78505
-7,3.56225E-007,1.0225,-0.14572,1.15272E-010,2.78505
-7,0.000000452,1.0225,-0.14572,1.15272E-010,2.78505
-7,5.73615E-007,1.0225,-0.14572,1.15272E-010,2.78505
-7,7.27895E-007,1.0225,-0.14572,1.15272E-010,2.78505
-7,9.23671E-007,1.0225,-0.14572,1.15272E-010,2.78505
-7,1.1721E-006,1.0225,-0.14572,1.15272E-010,2.78505
-7,1.48735E-006,1.0225,-0.14572,1.15272E-010,2.78505
-7,1.88739E-006,1.0225,-0.14572,1.15272E-010,2.78505
-7,0.000002395,1.0225,-0.14572,1.15272E-010,2.78505
-7,3.0392E-006,1.0225,-0.14572,1.15272E-010,2.78505
-7,3.85662E-006,1.0225,-0.14572,1.15272E-010,2.78505
-7,4.8939E-006,1.0225,-0.14572,1.15272E-010,2.78505
-7,6.21017E-006,1.0225,-0.14572,1.15272E-010,2.78505
-7,7.88046E-006,1.0225,-0.14572,1.15272E-010,2.78505
-7,0.00001,1.0225,-0.14572,1.15272E-010,2.78505
-7.5,0.00000001,1.0225,-0.230014,1.15772E-010,2.3508
-7.5,1.26896E-008,1.0225,-0.230014,1.15772E-010,2.3508
-7.5,1.61026E-008,1.0225,-0.230014,1.15772E-010,2.3508
-7.5,2.04336E-008,1.0225,-0.230014,1.15772E-010,2.3508
-7.5,2.59294E-008,1.0225,-0.230014,1.15772E-010,2.3508
-7.5,3.29034E-008,1.0225,-0.230014,1.15772E-010,2.3508
-7.5,4.17532E-008,1.0225,-0.230014,1.15772E-010,2.3508
-7.5,0.000000053,1.0225,-0.230014,1.15772E-010,2.3508
-7.5,6.72336E-008,1.0225,-0.230014,1.15772E-010,2.3508
-7.5,8.53168E-008,1.0225,-0.230014,1.15772E-010,2.3508
-7.5,1.08264E-007,1.0225,-0.230014,1.15772E-010,2.3508
-7.5,1.37382E-007,1.0225,-0.230014,1.15772E-010,2.3508
-7.5,1.74333E-007,1.0225,-0.230014,1.15772E-010,2.3508
-7.5,2.21222E-007,1.0225,-0.230014,1.15772E-010,2.3508
-7.5,2.80722E-007,1.0225,-0.230014,1.15772E-010,2.3508
-7.5,3.56225E-007,1.0225,-0.230014,1.15772E-010,2.3508
-7.5,0.000000452,1.0225,-0.230014,1.15772E-010,2.3508
-7.5,5.73615E-007,1.0225,-0.230014,1.15772E-010,2.3508
-7.5,7.27895E-007,1.0225,-0.230014,1.15772E-010,2.3508
-7.5,9.23671E-007,1.0225,-0.230014,1.15772E-010,2.3508
-7.5,1.1721E-006,1.0225,-0.230014,1.15772E-010,2.3508
-7.5,1.48735E-006,1.0225,-0.230014,1.15772E-010,2.3508
-7.5,1.88739E-006,1.0225,-0.230014,1.15772E-010,2.3508
-7.5,0.000002395,1.0225,-0.230014,1.15772E-010,2.3508
-7.5,3.0392E-006,1.0225,-0.230014,1.15772E-010,2.3508
-7.5,3.85662E-006,1.0225,-0.230014,1.15772E-010,2.3508
-7.5,4.8939E-006,1.0225,-0.230014,1.15772E-010,2.3508
-7.5,6.21017E-006,1.0225,-0.230014,1.15772E-010,2.3508
-7.5,7.88046E-006,1.0225,-0.230014,1.15772E-010,2.3508
-7.5,0.00001,1.0225,-0.230014,1.15772E-010,2.3508
-8,0.00000001,1.0225,-0.314263,1.16057E-010,1.92045
-8,1.26896E-008,1.0225,-0.314263,1.16057E-010,1.92045
-8,1.61026E-008,1.0225,-0.314263,1.16057E-010,1.92045
-8,2.04336E-008,1.0225,-0.314263,1.16057E-010,1.92045
-8,2.59294E-008,1.0225,-0.314263,1.16057E-010,1.92045
-8,3.29034E-008,1.0225,-0.314263,1.16057E-010,1.92045
-8,4.17532E-008,1.0225,-0.314263,1.16057E-010,1.92045
-8,0.000000053,1.0225,-0.314263,1.16057E-010,1.92045
-8,6.72336E-008,1.0225,-0.314263,1.16057E-010,1.92045
-8,8.53168E-008,1.0225,-0.314263,1.16057E-010,1.92045
-8,1.08264E-007,1.0225,-0.314263,1.16057E-010,1.92045
-8,1.37382E-007,1.0225,-0.314263,1.16057E-010,1.92045
-8,1.74333E-007,1.0225,-0.314263,1.16057E-010,1.92045
-8,2.21222E-007,1.0225,-0.314263,1.16057E-010,1.92045
-8,2.80722E-007,1.0225,-0.314263,1.16057E-010,1.92045
-8,3.56225E-007,1.0225,-0.314263,1.16057E-010,1.92045
-8,0.000000452,1.0225,-0.314263,1.16057E-010,1.92045
-8,5.73615E-007,1.0225,-0.314263,1.16057E-010,1.92045
-8,7.27895E-007,1.0225,-0.314263,1.16057E-010,1.92045
-8,9.23671E-007,1.0225,-0.314263,9.39586E-007,1.92045
-8,1.1721E-006,1.0225,-0.314263,1.19959E-006,1.92045
-8,1.48735E-006,1.0225,-0.314263,0.000001523,1.92045
-8,1.88739E-006,1.0225,-0.314263,1.9287E-006,1.92045
-8,0.000002395,1.0225,-0.314263,2.4406E-006,1.92045
-8,3.0392E-006,1.0225,-0.314263,3.0883E-006,1.92045
-8,3.85662E-006,1.0225,-0.314263,3.90865E-006,1.92045
-8,4.8939E-006,1.0225,-0.314263,4.94844E-006,1.92045
-8,6.21017E-006,1.0225,-0.314263,6.26721E-006,1.92045
-8,7.88046E-006,1.0225,-0.314263,7.93987E-006,1.92045
-8,0.00001,1.0225,-0.314263,1.00619E-005,1.92045
-8.5,0.00000001,1.0225,-0.398773,1.1615E-010,1.49459
-8.5,1.26896E-008,1.0225,-0.398773,1.1615E-010,1.49459
-8.5,1.61026E-008,1.0225,-0.398773,1.1615E-010,1.49459
-8.5,2.04336E-008,1.0225,-0.398773,1.1615E-010,1.49459
-8.5,2.59294E-008,1.0225,-0.398773,1.1615E-010,1.49459
-8.5,3.29034E-008,1.0225,-0.398773,1.1615E-010,1.49459
-8.5,4.17532E-008,1.0225,-0.398773,1.1615E-010,1.49459
-8.5,0.000000053,1.0225,-0.398773,1.1615E-010,1.49459
-8.5,6.72336E-008,1.0225,-0.398773,1.1615E-010,1.49459
-8.5,8.53168E-008,1.0225,-0.398773,1.1615E-010,1.49459
-8.5,1.08264E-007,1.0225,-0.398773,1.1615E-010,1.49459
-8.5,1.37382E-007,1.0225,-0.398773,1.1615E-010,1.49459
-8.5,1.74333E-007,1.0225,-0.398773,1.1615E-010,1.49459
-8.5,2.21222E-007,1.0225,-0.398773,1.1615E-010,1.49459
-8.5,2.80722E-007,1.0225,-0.398773,2.8079E-007,1.49459
-8.5,3.56225E-007,1.0225,-0.398773,3.57387E-007,1.49459
-8.5,0.000000452,1.0225,-0.398773,0.00000047,1.49459
-8.5,5.73615E-007,1.0225,-0.398773,6.12175E-007,1.49459
-8.5,7.27895E-007,1.0225,-0.398773,0.00000079,1.49459
-8.5,9.23671E-007,1.0225,-0.398773,1.01556E-006,1.49459
-8.5,1.1721E-006,1.0225,-0.398773,1.28835E-006,1.49459
-8.5,1.48735E-006,1.0225,-0.398773,1.62024E-006,1.49459
-8.5,1.88739E-006,1.0225,-0.398773,2.03333E-006,1.49459
-8.5,0.000002395,1.0225,-0.398773,2.55309E-006,1.49459
-8.5,3.0392E-006,1.0225,-0.398773,3.20873E-006,1.49459
-8.5,3.85662E-006,1.0225,-0.398773,4.03757E-006,1.49459
-8.5,4.8939E-006,1.0225,-0.398773,5.08589E-006,1.49459
-8.5,6.21017E-006,1.0225,-0.398773,6.41358E-006,1.49459
-8.5,7.88046E-006,1.0225,-0.398773,0.000008095,1.49459
-8.5,0.00001,1.0225,-0.398773,1.02247E-005,1.49459
-9,0.00000001,1.0225,-0.48376,1.16724E-010,1.07378
-9,1.26896E-008,1.0225,-0.48376,1.16724E-010,1.07378
-9,1.61026E-008,1.0225,-0.48376,1.16724E-010,1.07378
-9,2.04336E-008,1.0225,-0.48376,1.16724E-010,1.07378
-9,2.59294E-008,1.0225,-0.48376,1.16724E-010,1.07378
-9,3.29034E-008,1.0225,-0.48376,1.16724E-010,1.07378
-9,4.17532E-008,1.0225,-0.48376,1.16724E-010,1.07378
-9,0.000000053,1.0225,-0.48376,1.16724E-010,1.07378
-9,6.72336E-008,1.0225,-0.48376,7.19204E-008,1.07378
-9,8.53168E-008,1.0225,-0.48376,2.04309E-007,1.07378
-9,1.08264E-007,1.0225,-0.48376,2.49829E-007,1.07378
-9,1.37382E-007,1.0225,-0.48376,2.92316E-007,1.07378
-9,1.74333E-007,1.0225,-0.48376,3.37832E-007,1.07378
-9,2.21222E-007,1.0225,-0.48376,3.93106E-007,1.07378
-9,2.80722E-007,1.0225,-0.48376,4.6128E-007,1.07378
-9,3.56225E-007,1.0225,-0.48376,5.4709E-007,1.07378
-9,0.000000452,1.0225,-0.48376,6.54497E-007,1.07378
-9,5.73615E-007,1.0225,-0.48376,0.000000789,1.07378
-9,7.27895E-007,1.0225,-0.48376,9.61327E-007,1.07378
-9,9.23671E-007,1.0225,-0.48376,1.18392E-006,1.07378
-9,1.1721E-006,1.0225,-0.48376,1.46839E-006,1.07378
-9,1.48735E-006,1.0225,-0.48376,1.8217E-006,1.07378
-9,1.88739E-006,1.0225,-0.48376,2.25441E-006,1.07378
-9,0.000002395,1.0225,-0.48376,2.78993E-006,1.07378
-9,3.0392E-006,1.0225,-0.48376,3.45768E-006,1.07378
-9,3.85662E-006,1.0225,-0.48376,4.2922E-006,1.07378
-9,4.8939E-006,1.0225,-0.48376,0.000005343,1.07378
-9,6.21017E-006,1.0225,-0.48376,6.67089E-006,1.07378
-9,7.88046E-006,1.0225,-0.48376,8.35086E-006,1.07378
-9,0.00001,1.0225,-0.48376,0.000010479,1.07378
-9.5,0.00000001,1.0225,-0.569305,1.17379E-010,0.66056
-9.5,1.26896E-008,1.0225,-0.569305,1.17379E-010,0.66056
-9.5,1.61026E-008,1.0225,-0.569305,1.17379E-010,0.66056
-9.5,2.04336E-008,1.0225,-0.569305,1.17379E-010,0.66056
-9.5,2.59294E-008,1.0225,-0.569305,1.17379E-010,0.66056
-9.5,3.29034E-008,1.0225,-0.569305,2.36621E-007,0.66056
-9.5,4.17532E-008,1.0225,-0.569305,3.11846E-007,0.66056
-9.5,0.000000053,1.0225,-0.569305,3.65477E-007,0.66056
-9.5,6.72336E-008,1.0225,-0.569305,4.0557E-007,0.66056
-9.5,8.53168E-008,1.0225,-0.569305,4.36929E-007,0.66056
-9.5,1.08264E-007,1.0225,-0.569305,4.68319E-007,0.66056
-9.5,1.37382E-007,1.0225,-0.569305,5.05474E-007,0.66056
-9.5,1.74333E-007,1.0225,-0.569305,5.50814E-007,0.66056
-9.5,2.21222E-007,1.0225,-0.569305,6.07395E-007,0.66056
-9.5,2.80722E-007,1.0225,-0.569305,6.7841E-007,0.66056
-9.5,3.56225E-007,1.0225,-0.569305,7.68667E-007,0.66056
-9.5,0.000000452,1.0225,-0.569305,0.000000883,0.66056
-9.5,5.73615E-007,1.0225,-0.569305,1.0255E-006,0.66056
-9.5,7.27895E-007,1.0225,-0.569305,1.20344E-006,0.66056
-9.5,9.23671E-007,1.0225,-0.569305,0.000001427,0.66056
-9.5,1.1721E-006,1.0225,-0.569305,1.7129E-006,0.66056
-9.5,1.48735E-006,1.0225,-0.569305,2.07973E-006,0.66056
-9.5,1.88739E-006,1.0225,-0.569305,2.52954E-006,0.66056
-9.5,0.000002395,1.0225,-0.569305,3.07829E-006,0.66056
-9.5,3.0392E-006,1.0225,-0.569305,3.75339E-006,0.66056
-9.5,3.85662E-006,1.0225,-0.569305,4.59312E-006,0.66056
-9.5,4.8939E-006,1.0225,-0.569305,5.64653E-006,0.66056
-9.5,6.21017E-006,1.0225,-0.569305,0.000006976,0.66056
-9.5,7.88046E-006,1.0225,-0.569305,8.65688E-006,0.66056
-9.5,0.00001,1.0225,-0.569305,1.07845E-005,0.66056
-10,0.00000001,1.0225,-0.655088,1.18177E-010,0.257877
-10,1.26896E-008,1.0225,-0.655088,1.18177E-010,0.257877
-10,1.61026E-008,1.0225,-0.655088,1.18177E-010,0.257877
-10,2.04336E-008,1.0225,-0.655088,1.18177E-010,0.257877
-10,2.59294E-008,1.0225,-0.655088,2.6483E-007,0.257877
-10,3.29034E-008,1.0225,-0.655088,3.39128E-007,0.257877
-10,4.17532E-008,1.0225,-0.655088,3.99298E-007,0.257877
-10,0.000000053,1.0225,-0.655088,0.000000449,0.257877
-10,6.72336E-008,1.0225,-0.655088,4.84872E-007,0.257877
-10,8.53168E-008,1.0225,-0.655088,5.13809E-007,0.257877
-10,1.08264E-007,1.0225,-0.655088,5.44408E-007,0.257877
-10,1.37382E-007,1.0225,-0.655088,5.8178E-007,0.257877
-10,1.74333E-007,1.0225,-0.655088,6.27724E-007,0.257877
-10,2.21222E-007,1.0225,-0.655088,6.86192E-007,0.257877
-10,2.80722E-007,1.0225,-0.655088,7.60225E-007,0.257877
-10,3.56225E-007,1.0225,-0.655088,8.53196E-007,0.257877
-10,0.000000452,1.0225,-0.655088,9.7308E-007,0.257877
-10,5.73615E-007,1.0225,-0.655088,1.11981E-006,0.257877
-10,7.27895E-007,1.0225,-0.655088,1.30441E-006,0.257877
-10,9.23671E-007,1.0225,-0.655088,1.53594E-006,0.257877
-10,1.1721E-006,1.0225,-0.655088,1.83176E-006,0.257877
-10,1.48735E-006,1.0225,-0.655088,2.20891E-006,0.257877
-10,1.88739E-006,1.0225,-0.655088,2.66732E-006,0.257877
-10,0.000002395,1.0225,-0.655088,3.22112E-006,0.257877
-10,3.0392E-006,1.0225,-0.655088,3.89971E-006,0.257877
-10,3.85662E-006,1.0225,-0.655088,4.74038E-006,0.257877
-10,4.8939E-006,1.0225,-0.655088,5.79378E-006,0.257877
-10,6.21017E-006,1.0225,-0.655088,7.12328E-006,0.257877
-10,7.88046E-006,1.0225,-0.655088,8.80322E-006,0.257877
-10,0.00001,1.0225,-0.655088,1.09303E-005,0.257877
-10.5,0.00000001,1.0225,-0.741458,1.19104E-010,-0.120371
-10.5,1.26896E-008,1.0225,-0.741458,1.19104E-010,-0.120371
-10.5,1.61026E-008,1.0225,-0.741458,1.19104E-010,-0.120371
-10.5,2.04336E-008,1.0225,-0.741458,2.0501E-008,-0.120371
-10.5,2.59294E-008,1.0225,-0.741458,2.2966E-007,-0.120371
-10.5,3.29034E-008,1.0225,-0.741458,3.22211E-007,-0.120371
-10.5,4.17532E-008,1.0225,-0.741458,3.84668E-007,-0.120371
-10.5,0.000000053,1.0225,-0.741458,4.33776E-007,-0.120371
-10.5,6.72336E-008,1.0225,-0.741458,4.68106E-007,-0.120371
-10.5,8.53168E-008,1.0225,-0.741458,4.95333E-007,-0.120371
-10.5,1.08264E-007,1.0225,-0.741458,5.25839E-007,-0.120371
-10.5,1.37382E-007,1.0225,-0.741458,5.62336E-007,-0.120371
-10.5,1.74333E-007,1.0225,-0.741458,6.08205E-007,-0.120371
-10.5,2.21222E-007,1.0225,-0.741458,6.67763E-007,-0.120371
-10.5,2.80722E-007,1.0225,-0.741458,7.414E-007,-0.120371
-10.5,3.56225E-007,1.0225,-0.741458,8.35912E-007,-0.120371
-10.5,0.000000452,1.0225,-0.741458,9.55586E-007,-0.120371
-10.5,5.73615E-007,1.0225,-0.741458,1.10358E-006,-0.120371
-10.5,7.27895E-007,1.0225,-0.741458,1.28963E-006,-0.120371
-10.5,9.23671E-007,1.0225,-0.741458,1.52035E-006,-0.120371
-10.5,1.1721E-006,1.0225,-0.741458,1.81776E-006,-0.120371
-10.5,1.48735E-006,1.0225,-0.741458,2.19625E-006,-0.120371
-10.5,1.88739E-006,1.0225,-0.741458,2.65431E-006,-0.120371
-10.5,0.000002395,1.0225,-0.741458,3.20615E-006,-0.120371
-10.5,3.0392E-006,1.0225,-0.741458,3.88774E-006,-0.120371
-10.5,3.85662E-006,1.0225,-0.741458,0.00000473,-0.120371
-10.5,4.8939E-006,1.0225,-0.741458,5.7833E-006,-0.120371
-10.5,6.21017E-006,1.0225,-0.741458,7.11308E-006,-0.120371
-10.5,7.88046E-006,1.0225,-0.741458,8.79265E-006,-0.120371
-10.5,0.00001,1.0225,-0.741458,1.09213E-005,-0.120371
-11,0.00000001,1.0225,-0.828233,1.2032E-010,-0.46507
-11,1.26896E-008,1.0225,-0.828233,1.2032E-010,-0.46507
-11,1.61026E-008,1.0225,-0.828233,1.2032E-010,-0.46507
-11,2.04336E-008,1.0225,-0.828233,2.05046E-008,-0.46507
-11,2.59294E-008,1.0225,-0.828233,0.000000026,-0.46507
-11,3.29034E-008,1.0225,-0.828233,2.80723E-007,-0.46507
-11,4.17532E-008,1.0225,-0.828233,0.000000352,-0.46507
-11,0.000000053,1.0225,-0.828233,4.019E-007,-0.46507
-11,6.72336E-008,1.0225,-0.828233,4.34612E-007,-0.46507
-11,8.53168E-008,1.0225,-0.828233,4.63492E-007,-0.46507
-11,1.08264E-007,1.0225,-0.828233,4.94131E-007,-0.46507
-11,1.37382E-007,1.0225,-0.828233,5.30706E-007,-0.46507
-11,1.74333E-007,1.0225,-0.828233,5.77702E-007,-0.46507
-11,2.21222E-007,1.0225,-0.828233,6.35755E-007,-0.46507
-11,2.80722E-007,1.0225,-0.828233,7.11452E-007,-0.46507
-11,3.56225E-007,1.0225,-0.828233,8.06519E-007,-0.46507
-11,0.000000452,1.0225,-0.828233,9.28561E-007,-0.46507
-11,5.73615E-007,1.0225,-0.828233,1.07567E-006,-0.46507
-11,7.27895E-007,1.0225,-0.828233,1.2624E-006,-0.46507
-11,9.23671E-007,1.0225,-0.828233,1.49556E-006,-0.46507
-11,1.1721E-006,1.0225,-0.828233,0.000001793,-0.46507
-11,1.48735E-006,1.0225,-0.828233,2.17087E-006,-0.46507
-11,1.88739E-006,1.0225,-0.828233,2.62952E-006,-0.46507
-11,0.000002395,1.0225,-0.828233,3.18507E-006,-0.46507
-11,3.0392E-006,1.0225,-0.828233,0.000003864,-0.46507
-11,3.85662E-006,1.0225,-0.828233,4.7043E-006,-0.46507
-11,4.8939E-006,1.0225,-0.828233,5.76105E-006,-0.46507
-11,6.21017E-006,1.0225,-0.828233,7.08739E-006,-0.46507
-11,7.88046E-006,1.0225,-0.828233,8.76985E-006,-0.46507
-11,0.00001,1.0225,-0.828233,1.08969E-005,-0.46507
-11.5,0.00000001,1.0225,-0.915406,1.21807E-010,-0.776589
-11.5,1.26896E-008,1.0225,-0.915406,1.21807E-010,-0.776589
-11.5,1.61026E-008,1.0225,-0.915406,1.61721E-008,-0.776589
-11.5,2.04336E-008,1.0225,-0.915406,2.05076E-008,-0.776589
-11.5,2.59294E-008,1.0225,-0.915406,0.000000026,-0.776589
-11.5,3.29034E-008,1.0225,-0.915406,0.000000033,-0.776589
-11.5,4.17532E-008,1.0225,-0.915406,2.9694E-007,-0.776589
-11.5,0.000000053,1.0225,-0.915406,3.54172E-007,-0.776589
-11.5,6.72336E-008,1.0225,-0.915406,0.00000039,-0.776589
-11.5,8.53168E-008,1.0225,-0.915406,4.19168E-007,-0.776589
-11.5,1.08264E-007,1.0225,-0.915406,4.50697E-007,-0.776589
-11.5,1.37382E-007,1.0225,-0.915406,4.88073E-007,-0.776589
-11.5,1.74333E-007,1.0225,-0.915406,5.34468E-007,-0.776589
-11.5,2.21222E-007,1.0225,-0.915406,5.93418E-007,-0.776589
-11.5,2.80722E-007,1.0225,-0.915406,6.68812E-007,-0.776589
-11.5,3.56225E-007,1.0225,-0.915406,7.66539E-007,-0.776589
-11.5,0.000000452,1.0225,-0.915406,8.89737E-007,-0.776589
-11.5,5.73615E-007,1.0225,-0.915406,1.04059E-006,-0.776589
-11.5,7.27895E-007,1.0225,-0.915406,1.22925E-006,-0.776589
-11.5,9.23671E-007,1.0225,-0.915406,1.46376E-006,-0.776589
-11.5,1.1721E-006,1.0225,-0.915406,1.75963E-006,-0.776589
-11.5,1.48735E-006,1.0225,-0.915406,2.13334E-006,-0.776589
-11.5,1.88739E-006,1.0225,-0.915406,2.59155E-006,-0.776589
-11.5,0.000002395,1.0225,-0.915406,3.14434E-006,-0.776589
-11.5,3.0392E-006,1.0225,-0.915406,3.82455E-006,-0.776589
-11.5,3.85662E-006,1.0225,-0.915406,0.000004663,-0.776589
-11.5,4.8939E-006,1.0225,-0.915406,0.00000572,-0.776589
-11.5,6.21017E-006,1.0225,-0.915406,7.04931E-006,-0.776589
-11.5,7.88046E-006,1.0225,-0.915406,8.73144E-006,-0.776589
-11.5,0.00001,1.0225,-0.915406,1.08598E-005,-0.776589
-12,0.00000001,1.0225,-1.00325,1.23669E-010,-1.05557
-12,1.26896E-008,1.0225,-1.00325,1.2759E-008,-1.05557
-12,1.61026E-008,1.0225,-1.00325,1.6175E-008,-1.05557
-12,2.04336E-008,1.0225,-1.00325,2.05103E-008,-1.05557
-12,2.59294E-008,1.0225,-1.00325,0.000000026,-1.05557
-12,3.29034E-008,1.0225,-1.00325,0.000000033,-1.05557
-12,4.17532E-008,1.0225,-1.00325,4.18382E-008,-1.05557
-12,0.000000053,1.0225,-1.00325,5.58022E-008,-1.05557
-12,6.72336E-008,1.0225,-1.00325,2.97769E-007,-1.05557
-12,8.53168E-008,1.0225,-1.00325,3.40901E-007,-1.05557
-12,1.08264E-007,1.0225,-1.00325,3.82173E-007,-1.05557
-12,1.37382E-007,1.0225,-1.00325,4.20054E-007,-1.05557
-12,1.74333E-007,1.0225,-1.00325,4.66376E-007,-1.05557
-12,2.21222E-007,1.0225,-1.00325,5.25188E-007,-1.05557
-12,2.80722E-007,1.0225,-1.00325,6.08368E-007,-1.05557
-12,3.56225E-007,1.0225,-1.00325,0.000000713,-1.05557
-12,0.000000452,1.0225,-1.00325,8.42884E-007,-1.05557
-12,5.73615E-007,1.0225,-1.00325,9.97424E-007,-1.05557
-12,7.27895E-007,1.0225,-1.00325,1.1904E-006,-1.05557
-12,9.23671E-007,1.0225,-1.00325,0.000001428,-1.05557
-12,1.1721E-006,1.0225,-1.00325,1.71736E-006,-1.05557
-12,1.48735E-006,1.0225,-1.00325,2.07437E-006,-1.05557
-12,1.88739E-006,1.0225,-1.00325,2.51716E-006,-1.05557
-12,0.000002395,1.0225,-1.00325,3.05863E-006,-1.05557
-12,3.0392E-006,1.0225,-1.00325,3.73423E-006,-1.05557
-12,3.85662E-006,1.0225,-1.00325,4.58009E-006,-1.05557
-12,4.8939E-006,1.0225,-1.00325,5.62947E-006,-1.05557
-12,6.21017E-006,1.0225,-1.00325,6.95981E-006,-1.05557
-12,7.88046E-006,1.0225,-1.00325,0.000008643,-1.05557
-12,0.00001,1.0225,-1.00325,0.000010771,-1.05557
-12.5,0.00000001,1.0225,-1.09166,1.00703E-008,-1.3109
-12.5,1.26896E-008,1.0225,-1.09166,1.27617E-008,-1.3109
-12.5,1.61026E-008,1.0225,-1.09166,1.61778E-008,-1.3109
-12.5,2.04336E-008,1.0225,-1.09166,2.05128E-008,-1.3109
-12.5,2.59294E-008,1.0225,-1.09166,0.000000026,-1.3109
-12.5,3.29034E-008,1.0225,-1.09166,0.000000033,-1.3109
-12.5,4.17532E-008,1.0225,-1.09166,4.18403E-008,-1.3109
-12.5,0.000000053,1.0225,-1.09166,5.41007E-008,-1.3109
-12.5,6.72336E-008,1.0225,-1.09166,7.22506E-008,-1.3109
-12.5,8.53168E-008,1.0225,-1.09166,0.000000139,-1.3109
-12.5,1.08264E-007,1.0225,-1.11201,2.03209E-007,-1.3109
-12.5,1.37382E-007,1.0225,-1.14052,2.3686E-007,-1.3109
-12.5,1.74333E-007,1.0225,-1.15468,2.78273E-007,-1.3109
-12.5,2.21222E-007,1.0225,-1.15719,3.28093E-007,-1.3109
-12.5,2.80722E-007,1.0225,-1.15719,3.83338E-007,-1.3109
-12.5,3.56225E-007,1.0225,-1.15719,4.45728E-007,-1.3109
-12.5,0.000000452,1.0225,-1.15719,5.09246E-007,-1.3109
-12.5,5.73615E-007,1.0225,-1.15719,5.79684E-007,-1.3109
-12.5,7.27895E-007,1.0225,-1.15719,7.29192E-007,-1.3109
-12.5,9.23671E-007,1.0225,-1.15719,9.23758E-007,-1.3109
-12.5,1.1721E-006,1.0225,-1.15719,1.17219E-006,-1.3109
-12.5,1.48735E-006,1.0225,-1.15719,1.48744E-006,-1.3109
-12.5,1.88739E-006,1.0225,-1.15719,1.88748E-006,-1.3109
-12.5,0.000002395,1.0225,-1.15719,2.39511E-006,-1.3109
-12.5,3.0392E-006,1.0225,-1.15719,3.03928E-006,-1.3109
-12.5,3.85662E-006,1.0225,-1.15719,3.85671E-006,-1.3109
-12.5,4.8939E-006,1.0225,-1.15719,0.000004894,-1.3109
-12.5,6.21017E-006,1.0225,-1.15719,6.21025E-006,-1.3109
-12.5,7.88046E-006,1.0225,-1.15719,7.88055E-006,-1.3109
-12.5,0.00001,1.0225,-1.15719,1.00001E-005,-1.3109
-13,0.00000001,1.0225,-1.18071,1.00729E-008,-1.54928
-13,1.26896E-008,1.0225,-1.18071,1.27643E-008,-1.54928
-13,1.61026E-008,1.0225,-1.18071,1.61802E-008,-1.54928
-13,2.04336E-008,1.0225,-1.18071,2.05151E-008,-1.54928
-13,2.59294E-008,1.0225,-1.18071,0.000000026,-1.54928
-13,3.29034E-008,1.0225,-1.18071,0.000000033,-1.54928
-13,4.17532E-008,1.0225,-1.18071,4.18422E-008,-1.54928
-13,0.000000053,1.0225,-1.18071,5.30742E-008,-1.54928
-13,6.72336E-008,1.0225,-1.18071,6.96043E-008,-1.54928
-13,8.53168E-008,1.0225,-1.23342,9.01762E-008,-1.54928
-13,1.08264E-007,1.0225,-1.27701,1.17711E-007,-1.54928
-13,1.37382E-007,1.0225,-1.30554,1.56304E-007,-1.54928
-13,1.74333E-007,1.0225,-1.31986,2.01167E-007,-1.54928
-13,2.21222E-007,1.0225,-1.32198,2.52522E-007,-1.54928
-13,2.80722E-007,1.0225,-1.32198,3.04542E-007,-1.54928
-13,3.56225E-007,1.0225,-1.32198,3.67575E-007,-1.54928
-13,0.000000452,1.0225,-1.32198,4.55286E-007,-1.54928
-13,5.73615E-007,1.0225,-1.32198,5.73704E-007,-1.54928
-13,7.27895E-007,1.0225,-1.32198,0.000000728,-1.54928
-13,9.23671E-007,1.0225,-1.32198,9.23757E-007,-1.54928
-13,1.1721E-006,1.0225,-1.32198,1.17219E-006,-1.54928
-13,1.48735E-006,1.0225,-1.32198,1.48744E-006,-1.54928
-13,1.88739E-006,1.0225,-1.32198,1.88748E-006,-1.54928
-13,0.000002395,1.0225,-1.32198,2.39511E-006,-1.54928
-13,3.0392E-006,1.0225,-1.32198,3.03928E-006,-1.54928
-13,3.85662E-006,1.0225,-1.32198,3.85671E-006,-1.54928
-13,4.8939E-006,1.0225,-1.32198,0.000004894,-1.54928
-13,6.21017E-006,1.0225,-1.32198,6.21025E-006,-1.54928
-13,7.88046E-006,1.0225,-1.32198,7.88055E-006,-1.54928
-13,0.00001,1.0225,-1.32198,1.00001E-005,-1.54928
-13.5,0.00000001,1.0225,-1.27051,1.00752E-008,-1.77473
-13.5,1.26896E-008,1.0225,-1.27051,1.27665E-008,-1.77473
-13.5,1.61026E-008,1.0225,-1.27051,1.61824E-008,-1.77473
-13.5,2.04336E-008,1.0225,-1.27051,2.05171E-008,-1.77473
-13.5,2.59294E-008,1.0225,-1.27051,0.000000026,-1.77473
-13.5,3.29034E-008,1.0225,-1.27051,0.000000033,-1.77473
-13.5,4.17532E-008,1.0225,-1.27051,4.18438E-008,-1.77473
-13.5,0.000000053,1.0225,-1.27051,5.30758E-008,-1.77473
-13.5,6.72336E-008,1.0225,-1.34052,6.73258E-008,-1.77473
-13.5,8.53168E-008,1.0225,-1.39858,8.54085E-008,-1.77473
-13.5,1.08264E-007,1.0225,-1.44215,1.09611E-007,-1.77473
-13.5,1.37382E-007,1.0225,-1.47061,1.39664E-007,-1.77473
-13.5,1.74333E-007,1.0225,-1.48516,1.77238E-007,-1.77473
-13.5,2.21222E-007,1.0225,-1.48706,2.24243E-007,-1.77473
-13.5,2.80722E-007,1.0225,-1.48693,0.000000283,-1.77473
-13.5,3.56225E-007,1.0225,-1.48693,3.5706E-007,-1.77473
-13.5,0.000000452,1.0225,-1.48693,4.52125E-007,-1.77473
-13.5,5.73615E-007,1.0225,-1.48693,5.73703E-007,-1.77473
-13.5,7.27895E-007,1.0225,-1.48693,0.000000728,-1.77473
-13.5,9.23671E-007,1.0225,-1.48693,9.23757E-007,-1.77473
-13.5,1.1721E-006,1.0225,-1.48693,1.17219E-006,-1.77473
-13.5,1.48735E-006,1.0225,-1.48693,1.48744E-006,-1.77473
-13.5,1.88739E-006,1.0225,-1.48693,1.88748E-006,-1.77473
-13.5,0.000002395,1.0225,-1.48693,2.39511E-006,-1.77473
-13.5,3.0392E-006,1.0225,-1.48693,3.03928E-006,-1.77473
-13.5,3.85662E-006,1.0225,-1.48693,3.85671E-006,-1.77473
-13.5,4.8939E-006,1.0225,-1.48693,0.000004894,-1.77473
-13.5,6.21017E-006,1.0225,-1.48693,6.21025E-006,-1.77473
-13.5,7.88046E-006,1.0225,-1.48693,7.88055E-006,-1.77473
-13.5,0.00001,1.0225,-1.48693,1.00001E-005,-1.77473
-14,0.00000001,1.0225,-1.36087,1.00774E-008,-1.99066
-14,1.26896E-008,1.0225,-1.36087,1.27687E-008,-1.99066
-14,1.61026E-008,1.0225,-1.36087,1.61844E-008,-1.99066
-14,2.04336E-008,1.0225,-1.36087,2.0519E-008,-1.99066
-14,2.59294E-008,1.0225,-1.36087,0.000000026,-1.99066
-14,3.29034E-008,1.0225,-1.36087,0.000000033,-1.99066
-14,4.17532E-008,1.0225,-1.36087,4.18455E-008,-1.99066
-14,0.000000053,1.0225,-1.43377,5.30752E-008,-1.99066
-14,6.72336E-008,1.0225,-1.50571,6.73251E-008,-1.99066
-14,8.53168E-008,1.0225,-1.56388,8.54079E-008,-1.99066
-14,1.08264E-007,1.0225,-1.60757,1.08354E-007,-1.99066
-14,1.37382E-007,1.0225,-1.63622,1.37473E-007,-1.99066
-14,1.74333E-007,1.0225,-1.65057,1.74423E-007,-1.99066
-14,2.21222E-007,1.0225,-1.65275,2.21312E-007,-1.99066
-14,2.80722E-007,1.0225,-1.65275,2.80812E-007,-1.99066
-14,3.56225E-007,1.0225,-1.65275,3.56314E-007,-1.99066
-14,0.000000452,1.0225,-1.65275,4.52124E-007,-1.99066
-14,5.73615E-007,1.0225,-1.65275,5.73703E-007,-1.99066
-14,7.27895E-007,1.0225,-1.65275,0.000000728,-1.99066
-14,9.23671E-007,1.0225,-1.65275,9.23756E-007,-1.99066
-14,1.1721E-006,1.0225,-1.65275,1.17219E-006,-1.99066
-14,1.48735E-006,1.0225,-1.65275,1.48744E-006,-1.99066
-14,1.88739E-006,1.0225,-1.65275,1.88748E-006,-1.99066
-14,0.000002395,1.0225,-1.65275,2.39511E-006,-1.99066
-14,3.0392E-006,1.0225,-1.65275,3.03928E-006,-1.99066
-14,3.85662E-006,1.0225,-1.65275,3.8567E-006,-1.99066
-14,4.8939E-006,1.0225,-1.65275,0.000004894,-1.99066
-14,6.21017E-006,1.0225,-1.65275,6.21025E-006,-1.99066
-14,7.88046E-006,1.0225,-1.65275,7.88055E-006,-1.99066
-14,0.00001,1.0225,-1.65275,1.00001E-005,-1.99066
-14.5,0.00000001,1.0225,-1.45202,1.00794E-008,-2.19834
-14.5,1.26896E-008,1.0225,-1.45202,1.27707E-008,-2.19834
-14.5,1.61026E-008,1.0225,-1.45202,1.61864E-008,-2.19834
-14.5,2.04336E-008,1.0225,-1.45202,2.05208E-008,-2.19834
-14.5,2.59294E-008,1.0225,-1.45202,0.000000026,-2.19834
-14.5,3.29034E-008,1.0225,-1.45202,0.000000033,-2.19834
-14.5,4.17532E-008,1.0225,-1.51227,4.18454E-008,-2.19834
-14.5,0.000000053,1.0225,-1.5992,5.30748E-008,-2.19834
-14.5,6.72336E-008,1.0225,-1.67112,6.73246E-008,-2.19834
-14.5,8.53168E-008,1.0225,-1.72938,8.54073E-008,-2.19834
-14.5,1.08264E-007,1.0225,-1.77313,1.08354E-007,-2.19834
-14.5,1.37382E-007,1.0225,-1.80179,1.37472E-007,-2.19834
-14.5,1.74333E-007,1.0225,-1.81616,1.74423E-007,-2.19834
-14.5,2.21222E-007,1.0225,-1.81827,2.21311E-007,-2.19834
-14.5,2.80722E-007,1.0225,-1.81842,2.80811E-007,-2.19834
-14.5,3.56225E-007,1.0225,-1.81842,3.56314E-007,-2.19834
-14.5,0.000000452,1.0225,-1.81842,4.52123E-007,-2.19834
-14.5,5.73615E-007,1.0225,-1.81842,5.73702E-007,-2.19834
-14.5,7.27895E-007,1.0225,-1.81842,0.000000728,-2.19834
-14.5,9.23671E-007,1.0225,-1.81842,9.23756E-007,-2.19834
-14.5,1.1721E-006,1.0225,-1.81842,1.17219E-006,-2.19834
-14.5,1.48735E-006,1.0225,-1.81842,1.48744E-006,-2.19834
-14.5,1.88739E-006,1.0225,-1.81842,1.88748E-006,-2.19834
-14.5,0.000002395,1.0225,-1.81842,2.39511E-006,-2.19834
-14.5,3.0392E-006,1.0225,-1.81842,3.03928E-006,-2.19834
-14.5,3.85662E-006,1.0225,-1.81842,3.8567E-006,-2.19834
-14.5,4.8939E-006,1.0225,-1.81842,0.000004894,-2.19834
-14.5,6.21017E-006,1.0225,-1.81842,6.21025E-006,-2.19834
-14.5,7.88046E-006,1.0225,-1.81842,7.88055E-006,-2.19834
-14.5,0.00001,1.0225,-1.81842,1.00001E-005,-2.19834
-15,0.00000001,1.0225,-1.54397,1.00813E-008,-2.39974
-15,1.26896E-008,1.0225,-1.54397,1.27725E-008,-2.39974
-15,1.61026E-008,1.0225,-1.54397,1.61881E-008,-2.39974
-15,2.04336E-008,1.0225,-1.54397,2.05225E-008,-2.39974
-15,2.59294E-008,1.0225,-1.54397,0.000000026,-2.39974
-15,3.29034E-008,1.0225,-1.57397,0.000000033,-2.39974
-15,4.17532E-008,1.0225,-1.67771,4.18449E-008,-2.39974
-15,0.000000053,1.0225,-1.76475,5.30742E-008,-2.39974
-15,6.72336E-008,1.0225,-1.83679,6.7324E-008,-2.39974
-15,8.53168E-008,1.0225,-1.89486,8.54066E-008,-2.39974
-15,1.08264E-007,1.0225,-1.93864,1.08353E-007,-2.39974
-15,1.37382E-007,1.0225,-1.96708,1.37472E-007,-2.39974
-15,1.74333E-007,1.0225,-1.98172,1.74422E-007,-2.39974
-15,2.21222E-007,1.0225,-1.98381,2.21311E-007,-2.39974
-15,2.80722E-007,1.0225,-1.98431,2.8081E-007,-2.39974
-15,3.56225E-007,1.0225,-1.98431,3.56313E-007,-2.39974
-15,0.000000452,1.0225,-1.98431,4.52123E-007,-2.39974
-15,5.73615E-007,1.0225,-1.98431,5.73702E-007,-2.39974
-15,7.27895E-007,1.0225,-1.98431,0.000000728,-2.39974
-15,9.23671E-007,1.0225,-1.98431,9.23755E-007,-2.39974
-15,1.1721E-006,1.0225,-1.98431,1.17219E-006,-2.39974
-15,1.48735E-006,1.0225,-1.98431,1.48744E-006,-2.39974
-15,1.88739E-006,1.0225,-1.98431,1.88748E-006,-2.39974
-15,0.000002395,1.0225,-1.98431,2.39511E-006,-2.39974
-15,3.0392E-006,1.0225,-1.98431,3.03928E-006,-2.39974
-15,3.85662E-006,1.0225,-1.98431,3.8567E-006,-2.39974
-15,4.8939E-006,1.0225,-1.98431,0.000004894,-2.39974
-15,6.21017E-006,1.0225,-1.98431,6.21025E-006,-2.39974
-15,7.88046E-006,1.0225,-1.98431,7.88055E-006,-2.39974
-15,0.00001,1.0225,-1.98431,1.00001E-005,-2.39974
-15.5,0.00000001,1.0225,-1.63677,1.0083E-008,-2.59546
-15.5,1.26896E-008,1.0225,-1.63677,1.27742E-008,-2.59546
-15.5,1.61026E-008,1.0225,-1.63677,1.61897E-008,-2.59546
-15.5,2.04336E-008,1.0225,-1.63677,2.05239E-008,-2.59546
-15.5,2.59294E-008,1.0225,-1.63677,0.000000026,-2.59546
-15.5,3.29034E-008,1.0225,-1.73969,0.000000033,-2.59546
-15.5,4.17532E-008,1.0225,-1.84334,4.18443E-008,-2.59546
-15.5,0.000000053,1.0225,-1.93033,5.30736E-008,-2.59546
-15.5,6.72336E-008,1.0225,-2.00229,6.73234E-008,-2.59546
-15.5,8.53168E-008,1.0225,-2.06052,8.5406E-008,-2.59546
-15.5,1.08264E-007,1.0225,-2.10438,1.08353E-007,-2.59546
-15.5,1.37382E-007,1.0225,-2.13314,1.37471E-007,-2.59546
-15.5,1.74333E-007,1.0225,-2.14741,1.74421E-007,-2.59546
-15.5,2.21222E-007,1.0225,-2.14945,2.2131E-007,-2.59546
-15.5,2.80722E-007,1.0225,-2.14943,2.8081E-007,-2.59546
-15.5,3.56225E-007,1.0225,-2.14943,3.56313E-007,-2.59546
-15.5,0.000000452,1.0225,-2.14943,4.52122E-007,-2.59546
-15.5,5.73615E-007,1.0225,-2.14943,5.73701E-007,-2.59546
-15.5,7.27895E-007,1.0225,-2.14943,0.000000728,-2.59546
-15.5,9.23671E-007,1.0225,-2.14943,9.23755E-007,-2.59546
-15.5,1.1721E-006,1.0225,-2.14943,1.17219E-006,-2.59546
-15.5,1.48735E-006,1.0225,-2.14943,1.48744E-006,-2.59546
-15.5,1.88739E-006,1.0225,-2.14943,1.88747E-006,-2.59546
-15.5,0.000002395,1.0225,-2.14943,2.39511E-006,-2.59546
-15.5,3.0392E-006,1.0225,-2.14943,3.03928E-006,-2.59546
-15.5,3.85662E-006,1.0225,-2.14943,3.8567E-006,-2.59546
-15.5,4.8939E-006,1.0225,-2.14943,0.000004894,-2.59546
-15.5,6.21017E-006,1.0225,-2.14943,6.21025E-006,-2.59546
-15.5,7.88046E-006,1.0225,-2.14943,7.88055E-006,-2.59546
-15.5,0.00001,1.0225,-2.14943,1.00001E-005,-2.59546
-16,0.00000001,1.0225,-1.73071,1.00847E-008,-2.78675
-16,1.26896E-008,1.0225,-1.73071,1.27758E-008,-2.78675
-16,1.61026E-008,1.0225,-1.73071,1.61912E-008,-2.78675
-16,2.04336E-008,1.0225,-1.73071,2.05253E-008,-2.78675
-16,2.59294E-008,1.0225,-1.79414,0.000000026,-2.78675
-16,3.29034E-008,1.0225,-1.90541,0.000000033,-2.78675
-16,4.17532E-008,1.0225,-2.009,4.18436E-008,-2.78675
-16,0.000000053,1.0225,-2.09617,5.30729E-008,-2.78675
-16,6.72336E-008,1.0225,-2.16802,6.73227E-008,-2.78675
-16,8.53168E-008,1.0225,-2.22626,8.54054E-008,-2.78675
-16,1.08264E-007,1.0225,-2.27013,1.08352E-007,-2.78675
-16,1.37382E-007,1.0225,-2.29883,1.3747E-007,-2.78675
-16,1.74333E-007,1.0225,-2.31311,1.74421E-007,-2.78675
-16,2.21222E-007,1.0225,-2.31516,2.21309E-007,-2.78675
-16,2.80722E-007,1.0225,-2.31562,2.80809E-007,-2.78675
-16,3.56225E-007,1.0225,-2.31562,3.56312E-007,-2.78675
-16,0.000000452,1.0225,-2.31562,4.52122E-007,-2.78675
-16,5.73615E-007,1.0225,-2.31562,5.73701E-007,-2.78675
-16,7.27895E-007,1.0225,-2.31562,0.000000728,-2.78675
-16,9.23671E-007,1.0225,-2.31562,9.23754E-007,-2.78675
-16,1.1721E-006,1.0225,-2.31562,1.17219E-006,-2.78675
-16,1.48735E-006,1.0225,-2.31562,1.48743E-006,-2.78675
-16,1.88739E-006,1.0225,-2.31562,1.88747E-006,-2.78675
-16,0.000002395,1.0225,-2.31562,2.39511E-006,-2.78675
-16,3.0392E-006,1.0225,-2.31562,3.03928E-006,-2.78675
-16,3.85662E-006,1.0225,-2.31562,3.8567E-006,-2.78675
-16,4.8939E-006,1.0225,-2.31562,0.000004894,-2.78675
-16,6.21017E-006,1.0225,-2.31562,6.21025E-006,-2.78675
-16,7.88046E-006,1.0225,-2.31562,7.88055E-006,-2.78675
-16,0.00001,1.0225,-2.31562,1.00001E-005,-2.78675
-16.5,0.00000001,1.0225,-1.82548,1.00861E-008,-2.9744
-16.5,1.26896E-008,1.0225,-1.82548,1.27772E-008,-2.9744
-16.5,1.61026E-008,1.0225,-1.82548,1.61926E-008,-2.9744
-16.5,2.04336E-008,1.0225,-1.85321,2.05259E-008,-2.9744
-16.5,2.59294E-008,1.0225,-1.96037,0.000000026,-2.9744
-16.5,3.29034E-008,1.0225,-2.07103,0.000000033,-2.9744
-16.5,4.17532E-008,1.0225,-2.1749,4.18432E-008,-2.9744
-16.5,0.000000053,1.0225,-2.26181,5.30725E-008,-2.9744
-16.5,6.72336E-008,1.0225,-2.3338,6.73223E-008,-2.9744
-16.5,8.53168E-008,1.0225,-2.39195,8.54049E-008,-2.9744
-16.5,1.08264E-007,1.0225,-2.43577,1.08351E-007,-2.9744
-16.5,1.37382E-007,1.0225,-2.46449,1.3747E-007,-2.9744
-16.5,1.74333E-007,1.0225,-2.4788,1.7442E-007,-2.9744
-16.5,2.21222E-007,1.0225,-2.48109,2.21309E-007,-2.9744
-16.5,2.80722E-007,1.0225,-2.48109,2.80809E-007,-2.9744
-16.5,3.56225E-007,1.0225,-2.48109,3.56311E-007,-2.9744
-16.5,0.000000452,1.0225,-2.48109,4.52121E-007,-2.9744
-16.5,5.73615E-007,1.0225,-2.48109,5.737E-007,-2.9744
-16.5,7.27895E-007,1.0225,-2.48109,0.000000728,-2.9744
-16.5,9.23671E-007,1.0225,-2.48109,9.23754E-007,-2.9744
-16.5,1.1721E-006,1.0225,-2.48109,1.17218E-006,-2.9744
-16.5,1.48735E-006,1.0225,-2.48109,1.48743E-006,-2.9744
-16.5,1.88739E-006,1.0225,-2.48109,1.88747E-006,-2.9744
-16.5,0.000002395,1.0225,-2.48109,2.39511E-006,-2.9744
-16.5,3.0392E-006,1.0225,-2.48109,3.03928E-006,-2.9744
-16.5,3.85662E-006,1.0225,-2.48109,3.8567E-006,-2.9744
-16.5,4.8939E-006,1.0225,-2.48109,0.000004894,-2.9744
-16.5,6.21017E-006,1.0225,-2.48109,6.21025E-006,-2.9744
-16.5,7.88046E-006,1.0225,-2.48109,7.88054E-006,-2.9744
-16.5,0.00001,1.0225,-2.48109,1.00001E-005,-2.9744
-17,0.00000001,1.0225,-1.92153,1.00875E-008,-3.15862
-17,1.26896E-008,1.0225,-1.92153,1.27785E-008,-3.15862
-17,1.61026E-008,1.0225,-1.92153,1.61939E-008,-3.15862
-17,2.04336E-008,1.0225,-2.02002,2.05255E-008,-3.15862
-17,2.59294E-008,1.0225,-2.12584,0.000000026,-3.15862
-17,3.29034E-008,1.0225,-2.23708,0.000000033,-3.15862
-17,4.17532E-008,1.0225,-2.34057,4.18427E-008,-3.15862
-17,0.000000053,1.0225,-2.42747,5.30719E-008,-3.15862
-17,6.72336E-008,1.0225,-2.4995,6.73217E-008,-3.15862
-17,8.53168E-008,1.0225,-2.5577,8.54043E-008,-3.15862
-17,1.08264E-007,1.0225,-2.60153,1.08351E-007,-3.15862
-17,1.37382E-007,1.0225,-2.63,1.37469E-007,-3.15862
-17,1.74333E-007,1.0225,-2.64465,1.7442E-007,-3.15862
-17,2.21222E-007,1.0225,-2.64671,2.21308E-007,-3.15862
-17,2.80722E-007,1.0225,-2.64694,2.80808E-007,-3.15862
-17,3.56225E-007,1.0225,-2.64694,3.56311E-007,-3.15862
-17,0.000000452,1.0225,-2.64694,4.52121E-007,-3.15862
-17,5.73615E-007,1.0225,-2.64694,5.737E-007,-3.15862
-17,7.27895E-007,1.0225,-2.64694,0.000000728,-3.15862
-17,9.23671E-007,1.0225,-2.64694,9.23753E-007,-3.15862
-17,1.1721E-006,1.0225,-2.64694,1.17218E-006,-3.15862
-17,1.48735E-006,1.0225,-2.64694,1.48743E-006,-3.15862
-17,1.88739E-006,1.0225,-2.64694,1.88747E-006,-3.15862
-17,0.000002395,1.0225,-2.64694,2.39511E-006,-3.15862
-17,3.0392E-006,1.0225,-2.64694,3.03928E-006,-3.15862
-17,3.85662E-006,1.0225,-2.64694,3.8567E-006,-3.15862
-17,4.8939E-006,1.0225,-2.64694,0.000004894,-3.15862
-17,6.21017E-006,1.0225,-2.64694,6.21025E-006,-3.15862
-17,7.88046E-006,1.0225,-2.64694,7.88054E-006,-3.15862
-17,0.00001,1.0225,-2.64694,1.00001E-005,-3.15862
-17.5,0.00000001,1.0225,-2.01896,1.00888E-008,-3.33992
-17.5,1.26896E-008,1.0225,-2.01896,1.27797E-008,-3.33992
-17.5,1.61026E-008,1.0225,-2.01896,1.6195E-008,-3.33992
-17.5,2.04336E-008,1.0225,-2.18528,2.0525E-008,-3.33992
-17.5,2.59294E-008,1.0225,-2.29208,0.000000026,-3.33992
-17.5,3.29034E-008,1.0225,-2.40299,0.000000033,-3.33992
-17.5,4.17532E-008,1.0225,-2.50653,4.18422E-008,-3.33992
-17.5,0.000000053,1.0225,-2.59322,5.30714E-008,-3.33992
-17.5,6.72336E-008,1.0225,-2.66544,6.73211E-008,-3.33992
-17.5,8.53168E-008,1.0225,-2.72358,8.54038E-008,-3.33992
-17.5,1.08264E-007,1.0225,-2.76724,1.0835E-007,-3.33992
-17.5,1.37382E-007,1.0225,-2.79581,1.37469E-007,-3.33992
-17.5,1.74333E-007,1.0225,-2.81039,1.74419E-007,-3.33992
-17.5,2.21222E-007,1.0225,-2.81251,2.21308E-007,-3.33992
-17.5,2.80722E-007,1.0225,-2.81251,2.80808E-007,-3.33992
-17.5,3.56225E-007,1.0225,-2.81251,3.5631E-007,-3.33992
-17.5,0.000000452,1.0225,-2.81251,4.5212E-007,-3.33992
-17.5,5.73615E-007,1.0225,-2.81251,5.73699E-007,-3.33992
-17.5,7.27895E-007,1.0225,-2.81251,0.000000728,-3.33992
-17.5,9.23671E-007,1.0225,-2.81251,9.23753E-007,-3.33992
-17.5,1.1721E-006,1.0225,-2.81251,1.17218E-006,-3.33992
-17.5,1.48735E-006,1.0225,-2.81251,1.48743E-006,-3.33992
-17.5,1.88739E-006,1.0225,-2.81251,1.88747E-006,-3.33992
-17.5,0.000002395,1.0225,-2.81251,2.39511E-006,-3.33992
-17.5,3.0392E-006,1.0225,-2.81251,3.03928E-006,-3.33992
-17.5,3.85662E-006,1.0225,-2.81251,3.8567E-006,-3.33992
-17.5,4.8939E-006,1.0225,-2.81251,0.000004894,-3.33992
-17.5,6.21017E-006,1.0225,-2.81251,6.21025E-006,-3.33992
-17.5,7.88046E-006,1.0225,-2.81251,7.88054E-006,-3.33992
-17.5,0.00001,1.0225,-2.81251,1.00001E-005,-3.33992
-18,0.00000001,1.0225,-2.11793,1.00899E-008,-3.51881
-18,1.26896E-008,1.0225,-2.11793,1.27809E-008,-3.51881
-18,1.61026E-008,1.0225,-2.18472,1.61946E-008,-3.51881
-18,2.04336E-008,1.0225,-2.35117,2.05244E-008,-3.51881
-18,2.59294E-008,1.0225,-2.45806,0.000000026,-3.51881
-18,3.29034E-008,1.0225,-2.56871,0.000000033,-3.51881
-18,4.17532E-008,1.0225,-2.67239,4.18416E-008,-3.51881
-18,0.000000053,1.0225,-2.75915,5.30708E-008,-3.51881
-18,6.72336E-008,1.0225,-2.8311,6.73206E-008,-3.51881
-18,8.53168E-008,1.0225,-2.88938,8.54033E-008,-3.51881
-18,1.08264E-007,1.0225,-2.93313,1.0835E-007,-3.51881
-18,1.37382E-007,1.0225,-2.96182,1.37468E-007,-3.51881
-18,1.74333E-007,1.0225,-2.9762,1.74419E-007,-3.51881
-18,2.21222E-007,1.0225,-2.97829,2.21307E-007,-3.51881
-18,2.80722E-007,1.0225,-2.97845,2.80807E-007,-3.51881
-18,3.56225E-007,1.0225,-2.97845,3.5631E-007,-3.51881
-18,0.000000452,1.0225,-2.97845,4.5212E-007,-3.51881
-18,5.73615E-007,1.0225,-2.97845,5.73699E-007,-3.51881
-18,7.27895E-007,1.0225,-2.97845,0.000000728,-3.51881
-18,9.23671E-007,1.0225,-2.97845,9.23753E-007,-3.51881
-18,1.1721E-006,1.0225,-2.97845,1.17218E-006,-3.51881
-18,1.48735E-006,1.0225,-2.97845,1.48743E-006,-3.51881
-18,1.88739E-006,1.0225,-2.97845,1.88747E-006,-3.51881
-18,0.000002395,1.0225,-2.97845,2.39511E-006,-3.51881
-18,3.0392E-006,1.0225,-2.97845,3.03928E-006,-3.51881
-18,3.85662E-006,1.0225,-2.97845,3.8567E-006,-3.51881
-18,4.8939E-006,1.0225,-2.97845,0.000004894,-3.51881
-18,6.21017E-006,1.0225,-2.97845,6.21025E-006,-3.51881
-18,7.88046E-006,1.0225,-2.97845,7.88054E-006,-3.51881
-18,0.00001,1.0225,-2.97845,1.00001E-005,-3.51881
-18.5,0.00000001,1.0225,-2.21863,1.0091E-008,-3.69562
-18.5,1.26896E-008,1.0225,-2.21906,1.27819E-008,-3.69562
-18.5,1.61026E-008,1.0225,-2.35137,1.61941E-008,-3.69562
-18.5,2.04336E-008,1.0225,-2.51756,2.05239E-008,-3.69562
-18.5,2.59294E-008,1.0225,-2.62289,0.000000026,-3.69562
-18.5,3.29034E-008,1.0225,-2.7347,0.000000033,-3.69562
-18.5,4.17532E-008,1.0225,-2.83826,4.18411E-008,-3.69562
-18.5,0.000000053,1.0225,-2.92492,5.30704E-008,-3.69562
-18.5,6.72336E-008,1.0225,-2.99702,6.73202E-008,-3.69562
-18.5,8.53168E-008,1.0225,-3.0553,8.54028E-008,-3.69562
-18.5,1.08264E-007,1.0225,-3.09892,1.08349E-007,-3.69562
-18.5,1.37382E-007,1.0225,-3.12754,1.37468E-007,-3.69562
-18.5,1.74333E-007,1.0225,-3.14211,1.74418E-007,-3.69562
-18.5,2.21222E-007,1.0225,-3.14454,2.21307E-007,-3.69562
-18.5,2.80722E-007,1.0225,-3.14454,2.80807E-007,-3.69562
-18.5,3.56225E-007,1.0225,-3.14454,3.56309E-007,-3.69562
-18.5,0.000000452,1.0225,-3.14454,4.52119E-007,-3.69562
-18.5,5.73615E-007,1.0225,-3.14454,5.73698E-007,-3.69562
-18.5,7.27895E-007,1.0225,-3.14454,0.000000728,-3.69562
-18.5,9.23671E-007,1.0225,-3.14454,9.23752E-007,-3.69562
-18.5,1.1721E-006,1.0225,-3.14454,1.17218E-006,-3.69562
-18.5,1.48735E-006,1.0225,-3.14454,1.48743E-006,-3.69562
-18.5,1.88739E-006,1.0225,-3.14454,1.88747E-006,-3.69562
-18.5,0.000002395,1.0225,-3.14454,2.39511E-006,-3.69562
-18.5,3.0392E-006,1.0225,-3.14454,3.03928E-006,-3.69562
-18.5,3.85662E-006,1.0225,-3.14454,3.8567E-006,-3.69562
-18.5,4.8939E-006,1.0225,-3.14454,0.000004894,-3.69562
-18.5,6.21017E-006,1.0225,-3.14454,6.21025E-006,-3.69562
-18.5,7.88046E-006,1.0225,-3.14454,7.88054E-006,-3.69562
-18.5,0.00001,1.0225,-3.14454,1.00001E-005,-3.69562
-19,0.00000001,1.0225,-2.32134,1.00919E-008,-3.87057
-19,1.26896E-008,1.0225,-2.38503,1.27814E-008,-3.87057
-19,1.61026E-008,1.0225,-2.51763,1.61936E-008,-3.87057
-19,2.04336E-008,1.0225,-2.6833,2.05235E-008,-3.87057
-19,2.59294E-008,1.0225,-2.78818,0.000000026,-3.87057
-19,3.29034E-008,1.0225,-2.9005,0.000000033,-3.87057
-19,4.17532E-008,1.0225,-3.00407,4.18406E-008,-3.87057
-19,0.000000053,1.0225,-3.09088,5.30698E-008,-3.87057
-19,6.72336E-008,1.0225,-3.1628,6.73196E-008,-3.87057
-19,8.53168E-008,1.0225,-3.22111,8.54023E-008,-3.87057
-19,1.08264E-007,1.0225,-3.26481,1.08349E-007,-3.87057
-19,1.37382E-007,1.0225,-3.29351,1.37467E-007,-3.87057
-19,1.74333E-007,1.0225,-3.30792,1.74418E-007,-3.87057
-19,2.21222E-007,1.0225,-3.31038,2.21306E-007,-3.87057
-19,2.80722E-007,1.0225,-3.31007,2.80806E-007,-3.87057
-19,3.56225E-007,1.0225,-3.31007,3.56309E-007,-3.87057
-19,0.000000452,1.0225,-3.31007,4.52119E-007,-3.87057
-19,5.73615E-007,1.0225,-3.31007,5.73698E-007,-3.87057
-19,7.27895E-007,1.0225,-3.31007,0.000000728,-3.87057
-19,9.23671E-007,1.0225,-3.31007,9.23752E-007,-3.87057
-19,1.1721E-006,1.0225,-3.31007,1.17218E-006,-3.87057
-19,1.48735E-006,1.0225,-3.31007,1.48743E-006,-3.87057
-19,1.88739E-006,1.0225,-3.31007,1.88747E-006,-3.87057
-19,0.000002395,1.0225,-3.31007,2.39511E-006,-3.87057
-19,3.0392E-006,1.0225,-3.31007,3.03928E-006,-3.87057
-19,3.85662E-006,1.0225,-3.31007,3.8567E-006,-3.87057
-19,4.8939E-006,1.0225,-3.31007,0.000004894,-3.87057
-19,6.21017E-006,1.0225,-3.31007,6.21025E-006,-3.87057
-19,7.88046E-006,1.0225,-3.31007,7.88054E-006,-3.87057
-19,0.00001,1.0225,-3.31007,1.00001E-005,-3.87057
-19.5,0.00000001,1.0225,-2.47198,1.00918E-008,-4.04377
-19.5,1.26896E-008,1.0225,-2.55103,1.27809E-008,-4.04377
-19.5,1.61026E-008,1.0225,-2.68389,1.61931E-008,-4.04377
-19.5,2.04336E-008,1.0225,-2.8472,2.0523E-008,-4.04377
-19.5,2.59294E-008,1.0225,-2.95426,0.000000026,-4.04377
-19.5,3.29034E-008,1.0225,-3.06638,0.000000033,-4.04377
-19.5,4.17532E-008,1.0225,-3.16995,4.18401E-008,-4.04377
-19.5,0.000000053,1.0225,-3.25666,5.30693E-008,-4.04377
-19.5,6.72336E-008,1.0225,-3.32882,6.73191E-008,-4.04377
-19.5,8.53168E-008,1.0225,-3.38694,8.54018E-008,-4.04377
-19.5,1.08264E-007,1.0225,-3.43063,1.08348E-007,-4.04377
-19.5,1.37382E-007,1.0225,-3.45917,1.37467E-007,-4.04377
-19.5,1.74333E-007,1.0225,-3.47375,1.74417E-007,-4.04377
-19.5,2.21222E-007,1.0225,-3.47581,2.21306E-007,-4.04377
-19.5,2.80722E-007,1.0225,-3.47581,2.80806E-007,-4.04377
-19.5,3.56225E-007,1.0225,-3.47581,3.56309E-007,-4.04377
-19.5,0.000000452,1.0225,-3.47581,4.52118E-007,-4.04377
-19.5,5.73615E-007,1.0225,-3.47581,5.73697E-007,-4.04377
-19.5,7.27895E-007,1.0225,-3.47581,0.000000728,-4.04377
-19.5,9.23671E-007,1.0225,-3.47581,9.23751E-007,-4.04377
-19.5,1.1721E-006,1.0225,-3.47581,1.17218E-006,-4.04377
-19.5,1.48735E-006,1.0225,-3.47581,1.48743E-006,-4.04377
-19.5,1.88739E-006,1.0225,-3.47581,1.88747E-006,-4.04377
-19.5,0.000002395,1.0225,-3.47581,2.39511E-006,-4.04377
-19.5,3.0392E-006,1.0225,-3.47581,3.03928E-006,-4.04377
-19.5,3.85662E-006,1.0225,-3.47581,3.8567E-006,-4.04377
-19.5,4.8939E-006,1.0225,-3.47581,0.000004894,-4.04377
-19.5,6.21017E-006,1.0225,-3.47581,6.21025E-006,-4.04377
-19.5,7.88046E-006,1.0225,-3.47581,7.88054E-006,-4.04377
-19.5,0.00001,1.0225,-3.47581,1.00001E-005,-4.04377
-20,0.00000001,1.0225,-2.63789,1.00913E-008,-4.21575
-20,1.26896E-008,1.0225,-2.71699,1.27805E-008,-4.21575
-20,1.61026E-008,1.0225,-2.84966,1.61927E-008,-4.21575
-20,2.04336E-008,1.0225,-3.01294,2.05225E-008,-4.21575
-20,2.59294E-008,1.0225,-3.12005,0.000000026,-4.21575
-20,3.29034E-008,1.0225,-3.23237,0.000000033,-4.21575
-20,4.17532E-008,1.0225,-3.33591,4.18396E-008,-4.21575
-20,0.000000053,1.0225,-3.42255,5.30689E-008,-4.21575
-20,6.72336E-008,1.0225,-3.49458,6.73187E-008,-4.21575
-20,8.53168E-008,1.0225,-3.55291,8.54014E-008,-4.21575
-20,1.08264E-007,1.0225,-3.59649,1.08348E-007,-4.21575
-20,1.37382E-007,1.0225,-3.62512,1.37466E-007,-4.21575
-20,1.74333E-007,1.0225,-3.63968,1.74417E-007,-4.21575
-20,2.21222E-007,1.0225,-3.6421,2.21305E-007,-4.21575
-20,2.80722E-007,1.0225,-3.6421,2.80805E-007,-4.21575
-20,3.56225E-007,1.0225,-3.6421,3.56308E-007,-4.21575
-20,0.000000452,1.0225,-3.6421,4.52118E-007,-4.21575
-20,5.73615E-007,1.0225,-3.6421,5.73697E-007,-4.21575
-20,7.27895E-007,1.0225,-3.6421,0.000000728,-4.21575
-20,9.23671E-007,1.0225,-3.6421,9.23751E-007,-4.21575
-20,1.1721E-006,1.0225,-3.6421,1.17218E-006,-4.21575
-20,1.48735E-006,1.0225,-3.6421,1.48743E-006,-4.21575
-20,1.88739E-006,1.0225,-3.6421,1.88747E-006,-4.21575
-20,0.000002395,1.0225,-3.6421,2.39511E-006,-4.21575
-20,3.0392E-006,1.0225,-3.6421,3.03927E-006,-4.21575
-20,3.85662E-006,1.0225,-3.6421,3.8567E-006,-4.21575
-20,4.8939E-006,1.0225,-3.6421,0.000004894,-4.21575
-20,6.21017E-006,1.0225,-3.6421,6.21025E-006,-4.21575
-20,7.88046E-006,1.0225,-3.6421,7.88054E-006,-4.21575
-20,0.00001,1.0225,-3.6421,1.00001E-005,-4.21575
