Measurement report of dcv_sheet_cz_regu_v2,,,,
Generated by DesCoVer 2.6.0,,,,
Date,2017-03-03 09:02:09 -0600,Author,b48923,
,,,,
,,,,
Testbench: LIB: esd_sm8mvLib - CELL: wunchbell_patrice - VIEW: schematic_cz_regu - Fri Mar 03 09:02:13 CST 2017,,,,
,,,,
,,,,
Setup: Parameters or device casing alteration,,,,
Err:510,,,,
risetime=100p start=12u th=0.1 ,,,,
,,,,
,,,,
amplitude,length,nominal,min_v2p5,width_2p5(s)
-0.1,0.0000001,2.50329,2.46315,4.14257E-007
-0.1,1.1721E-007,2.50329,2.45886,4.22415E-007
-0.1,1.37382E-007,2.50329,2.45414,4.31666E-007
-0.1,0.000000161,2.50329,2.44915,4.45742E-007
-0.1,1.88739E-007,2.50329,2.4438,4.59933E-007
-0.1,2.21222E-007,2.50329,2.43852,4.78606E-007
-0.1,2.59294E-007,2.50329,2.43295,4.98543E-007
-0.1,3.0392E-007,2.50329,2.42658,5.20337E-007
-0.1,3.56225E-007,2.50329,2.41946,0.000000547
-0.1,4.17532E-007,2.50329,2.41103,5.77889E-007
-0.1,4.8939E-007,2.50329,2.40103,6.11935E-007
-0.1,5.73615E-007,2.50329,2.38927,6.54258E-007
-0.1,6.72336E-007,2.50329,2.37535,7.04883E-007
-0.1,0.000000788,2.50329,2.35877,0.000000764
-0.1,9.23671E-007,2.50329,2.33957,8.37818E-007
-0.1,1.08264E-006,2.50329,2.31697,9.28858E-007
-0.1,0.000001269,2.50329,2.29108,1.04256E-006
-0.1,1.48735E-006,2.50329,2.26166,1.17331E-006
-0.1,1.74333E-006,2.50329,2.23138,1.32444E-006
-0.1,2.04336E-006,2.50329,2.22336,0.000001573
-0.1,0.000002395,2.50329,2.22336,1.93115E-006
-0.1,2.80722E-006,2.50329,2.22336,2.34428E-006
-0.1,3.29034E-006,2.50329,2.22336,2.81755E-006
-0.1,3.85662E-006,2.50329,2.22336,3.37325E-006
-0.1,4.52035E-006,2.50329,2.22336,4.02776E-006
-0.1,5.29832E-006,2.50329,2.22336,4.79967E-006
-0.1,6.21017E-006,2.50329,2.22336,5.70838E-006
-0.1,0.000007279,2.50329,2.22336,6.7761E-006
-0.1,8.53168E-006,2.50329,2.22336,8.02854E-006
-0.1,0.00001,2.50329,2.22336,9.4969E-006
-0.2,0.0000001,2.50329,2.45214,4.52738E-007
-0.2,1.1721E-007,2.50329,2.44804,4.66249E-007
-0.2,1.37382E-007,2.50329,2.44403,0.000000481
-0.2,0.000000161,2.50329,2.44014,4.97599E-007
-0.2,1.88739E-007,2.50329,2.43572,5.1369E-007
-0.2,2.21222E-007,2.50329,2.431,5.34746E-007
-0.2,2.59294E-007,2.50329,2.42537,5.56136E-007
-0.2,3.0392E-007,2.50329,2.41905,5.79147E-007
-0.2,3.56225E-007,2.50329,2.41162,6.09163E-007
-0.2,4.17532E-007,2.50329,2.4031,6.41721E-007
-0.2,4.8939E-007,2.50329,2.39317,6.76499E-007
-0.2,5.73615E-007,2.50329,2.38163,7.19599E-007
-0.2,6.72336E-007,2.50329,2.36786,7.66687E-007
-0.2,0.000000788,2.50329,2.35198,0.000000826
-0.2,9.23671E-007,2.50329,2.33296,8.9328E-007
-0.2,1.08264E-006,2.50329,2.31049,9.78673E-007
-0.2,0.000001269,2.50329,2.28392,0.000001089
-0.2,1.48735E-006,2.50329,2.25251,1.23127E-006
-0.2,1.74333E-006,2.50329,2.21563,1.40664E-006
-0.2,2.04336E-006,2.50329,2.1728,1.62012E-006
-0.2,0.000002395,2.50329,2.12321,1.8742E-006
-0.2,2.80722E-006,2.50329,2.06658,2.17572E-006
-0.2,3.29034E-006,2.50329,2.00392,2.51717E-006
-0.2,3.85662E-006,2.50329,1.95974,2.92528E-006
-0.2,4.52035E-006,2.50329,1.95974,0.000003587
-0.2,5.29832E-006,2.50329,1.95974,4.34355E-006
-0.2,6.21017E-006,2.50329,1.95974,5.23645E-006
-0.2,0.000007279,2.50329,1.95974,6.2933E-006
-0.2,8.53168E-006,2.50329,1.95974,7.54192E-006
-0.2,0.00001,2.50329,1.95974,0.000009009
-0.3,0.0000001,2.50329,2.44648,4.86115E-007
-0.3,1.1721E-007,2.50329,2.44257,5.00457E-007
-0.3,1.37382E-007,2.50329,2.43871,5.15301E-007
-0.3,0.000000161,2.50329,2.43446,5.32328E-007
-0.3,1.88739E-007,2.50329,2.42997,0.000000552
-0.3,2.21222E-007,2.50329,2.4246,5.70625E-007
-0.3,2.59294E-007,2.50329,2.41898,5.96795E-007
-0.3,3.0392E-007,2.50329,2.41228,6.24083E-007
-0.3,3.56225E-007,2.50329,2.40437,0.000000653
-0.3,4.17532E-007,2.50329,2.39597,6.88272E-007
-0.3,4.8939E-007,2.50329,2.38599,7.25811E-007
-0.3,5.73615E-007,2.50329,2.37436,7.67126E-007
-0.3,6.72336E-007,2.50329,2.36112,8.16209E-007
-0.3,0.000000788,2.50329,2.34545,8.71582E-007
-0.3,9.23671E-007,2.50329,2.32716,0.000000938
-0.3,1.08264E-006,2.50329,2.30547,1.01824E-006
-0.3,0.000001269,2.50329,2.27961,0.000001121
-0.3,1.48735E-006,2.50329,2.24909,1.25662E-006
-0.3,1.74333E-006,2.50329,2.21254,1.42716E-006
-0.3,2.04336E-006,2.50329,2.17008,1.63619E-006
-0.3,0.000002395,2.50329,2.12073,1.88932E-006
-0.3,2.80722E-006,2.50329,2.06393,2.18982E-006
-0.3,3.29034E-006,2.50329,1.99892,2.55187E-006
-0.3,3.85662E-006,2.50329,1.9252,2.97667E-006
-0.3,4.52035E-006,2.50329,1.84224,3.47633E-006
-0.3,5.29832E-006,2.50329,1.7521,4.05058E-006
-0.3,6.21017E-006,2.50329,1.70892,4.79261E-006
-0.3,0.000007279,2.50329,1.70892,0.000005848
-0.3,8.53168E-006,2.50329,1.70892,7.07683E-006
-0.3,0.00001,2.50329,1.70892,8.53524E-006
-0.4,0.0000001,2.50329,2.44187,5.13059E-007
-0.4,1.1721E-007,2.50329,2.43782,5.25721E-007
-0.4,1.37382E-007,2.50329,2.43378,5.44209E-007
-0.4,0.000000161,2.50329,2.42941,5.63363E-007
-0.4,1.88739E-007,2.50329,2.42446,5.82552E-007
-0.4,2.21222E-007,2.50329,2.41885,6.06584E-007
-0.4,2.59294E-007,2.50329,2.41241,6.2765E-007
-0.4,3.0392E-007,2.50329,2.40551,6.58905E-007
-0.4,3.56225E-007,2.50329,2.39757,6.893E-007
-0.4,4.17532E-007,2.50329,2.38869,0.000000724
-0.4,4.8939E-007,2.50329,2.37847,7.61248E-007
-0.4,5.73615E-007,2.50329,2.36692,8.0308E-007
-0.4,6.72336E-007,2.50329,2.35362,8.52288E-007
-0.4,0.000000788,2.50329,2.33834,0.000000909
-0.4,9.23671E-007,2.50329,2.32057,9.7376E-007
-0.4,1.08264E-006,2.50329,2.29956,0.000001055
-0.4,0.000001269,2.50329,2.27462,0.000001153
-0.4,1.48735E-006,2.50329,2.2449,1.28248E-006
-0.4,1.74333E-006,2.50329,2.20929,1.44786E-006
-0.4,2.04336E-006,2.50329,2.1676,1.65362E-006
-0.4,0.000002395,2.50329,2.11888,1.90112E-006
-0.4,2.80722E-006,2.50329,2.06257,2.20177E-006
-0.4,3.29034E-006,2.50329,1.99758,2.56024E-006
-0.4,3.85662E-006,2.50329,1.92383,2.98571E-006
-0.4,4.52035E-006,2.50329,1.84056,3.48781E-006
-0.4,5.29832E-006,2.50329,1.74751,4.08148E-006
-0.4,6.21017E-006,2.50329,1.64495,4.77424E-006
-0.4,0.000007279,2.50329,1.53267,5.58492E-006
-0.4,8.53168E-006,2.50329,1.45794,6.56463E-006
-0.4,0.00001,2.50329,1.45794,8.00791E-006
-0.5,0.0000001,2.50329,2.43752,5.3361E-007
-0.5,1.1721E-007,2.50329,2.43349,5.50813E-007
-0.5,1.37382E-007,2.50329,2.42896,0.000000567
-0.5,0.000000161,2.50329,2.42432,5.86737E-007
-0.5,1.88739E-007,2.50329,2.41886,0.000000609
-0.5,2.21222E-007,2.50329,2.41295,0.000000631
-0.5,2.59294E-007,2.50329,2.40635,6.57698E-007
-0.5,3.0392E-007,2.50329,2.39866,6.83241E-007
-0.5,3.56225E-007,2.50329,2.3903,7.15863E-007
-0.5,4.17532E-007,2.50329,2.38148,7.52077E-007
-0.5,4.8939E-007,2.50329,2.37102,7.89586E-007
-0.5,5.73615E-007,2.50329,2.35939,8.34409E-007
-0.5,6.72336E-007,2.50329,2.34615,8.84105E-007
-0.5,0.000000788,2.50329,2.33107,9.4078E-007
-0.5,9.23671E-007,2.50329,2.31342,1.00756E-006
-0.5,1.08264E-006,2.50329,2.29298,1.08805E-006
-0.5,0.000001269,2.50329,2.26859,1.18392E-006
-0.5,1.48735E-006,2.50329,2.2399,1.3109E-006
-0.5,1.74333E-006,2.50329,2.20548,1.47187E-006
-0.5,2.04336E-006,2.50329,2.16462,1.67238E-006
-0.5,0.000002395,2.50329,2.11645,1.91593E-006
-0.5,2.80722E-006,2.50329,2.06041,2.2113E-006
-0.5,3.29034E-006,2.50329,1.99603,2.56965E-006
-0.5,3.85662E-006,2.50329,1.92257,2.99347E-006
-0.5,4.52035E-006,2.50329,1.8395,3.49544E-006
-0.5,5.29832E-006,2.50329,1.74656,4.09027E-006
-0.5,6.21017E-006,2.50329,1.64354,4.78464E-006
-0.5,0.000007279,2.50329,1.53049,5.60313E-006
-0.5,8.53168E-006,2.50329,1.40791,6.56225E-006
-0.5,0.00001,2.50329,1.2775,0.000007693
-0.6,0.0000001,2.50329,2.43326,5.54902E-007
-0.6,1.1721E-007,2.50329,2.42894,5.70313E-007
-0.6,1.37382E-007,2.50329,2.42429,5.89772E-007
-0.6,0.000000161,2.50329,2.41929,6.09444E-007
-0.6,1.88739E-007,2.50329,2.41355,6.30236E-007
-0.6,2.21222E-007,2.50329,2.40713,6.54354E-007
-0.6,2.59294E-007,2.50329,2.39999,6.78789E-007
-0.6,3.0392E-007,2.50329,2.39256,7.09493E-007
-0.6,3.56225E-007,2.50329,2.38349,7.39322E-007
-0.6,4.17532E-007,2.50329,2.3744,7.84841E-007
-0.6,4.8939E-007,2.50329,2.36388,8.1537E-007
-0.6,5.73615E-007,2.50329,2.35216,8.60461E-007
-0.6,6.72336E-007,2.50329,2.33849,9.08918E-007
-0.6,0.000000788,2.50329,2.32364,9.67699E-007
-0.6,9.23671E-007,2.50329,2.30613,1.03358E-006
-0.6,1.08264E-006,2.50329,2.28609,1.11624E-006
-0.6,0.000001269,2.50329,2.26232,1.21413E-006
-0.6,1.48735E-006,2.50329,2.23419,1.33953E-006
-0.6,1.74333E-006,2.50329,2.20072,1.49894E-006
-0.6,2.04336E-006,2.50329,2.16107,1.69506E-006
-0.6,0.000002395,2.50329,2.1139,1.93449E-006
-0.6,2.80722E-006,2.50329,2.05823,2.22494E-006
-0.6,3.29034E-006,2.50329,1.99434,2.58055E-006
-0.6,3.85662E-006,2.50329,1.92095,3.00132E-006
-0.6,4.52035E-006,2.50329,1.83819,3.50361E-006
-0.6,5.29832E-006,2.50329,1.74541,4.09321E-006
-0.6,6.21017E-006,2.50329,1.64263,4.78949E-006
-0.6,0.000007279,2.50329,1.52959,5.61237E-006
-0.6,8.53168E-006,2.50329,1.40694,6.57344E-006
-0.6,0.00001,2.50329,1.27557,0.000007707
-0.7,0.0000001,2.50329,2.42888,5.72461E-007
-0.7,1.1721E-007,2.50329,2.42464,5.90201E-007
-0.7,1.37382E-007,2.50329,2.4196,6.08374E-007
-0.7,0.000000161,2.50329,2.41423,6.28864E-007
-0.7,1.88739E-007,2.50329,2.40827,6.51444E-007
-0.7,2.21222E-007,2.50329,2.40156,0.000000673
-0.7,2.59294E-007,2.50329,2.39439,7.02707E-007
-0.7,3.0392E-007,2.50329,2.38639,7.32229E-007
-0.7,3.56225E-007,2.50329,2.37749,7.63158E-007
-0.7,4.17532E-007,2.50329,2.36802,7.99831E-007
-0.7,4.8939E-007,2.50329,2.35733,8.39539E-007
-0.7,5.73615E-007,2.50329,2.34545,8.84909E-007
-0.7,6.72336E-007,2.50329,2.33207,9.35791E-007
-0.7,0.000000788,2.50329,2.31675,9.92701E-007
-0.7,9.23671E-007,2.50329,2.29929,1.05862E-006
-0.7,1.08264E-006,2.50329,2.27925,0.000001142
-0.7,0.000001269,2.50329,2.25585,1.24327E-006
-0.7,1.48735E-006,2.50329,2.22801,1.36828E-006
-0.7,1.74333E-006,2.50329,2.19552,1.5246E-006
-0.7,2.04336E-006,2.50329,2.15682,1.71773E-006
-0.7,0.000002395,2.50329,2.11054,1.95351E-006
-0.7,2.80722E-006,2.50329,2.05585,2.24214E-006
-0.7,3.29034E-006,2.50329,1.99222,2.59077E-006
-0.7,3.85662E-006,2.50329,1.91931,3.01146E-006
-0.7,4.52035E-006,2.50329,1.83678,3.51232E-006
-0.7,5.29832E-006,2.50329,1.7441,4.10215E-006
-0.7,6.21017E-006,2.50329,1.64138,4.79671E-006
-0.7,0.000007279,2.50329,1.52866,5.61691E-006
-0.7,8.53168E-006,2.50329,1.40616,6.57932E-006
-0.7,0.00001,2.50329,1.27492,7.71479E-006
-0.8,0.0000001,2.50329,2.42481,5.91483E-007
-0.8,1.1721E-007,2.50329,2.41999,6.08804E-007
-0.8,1.37382E-007,2.50329,2.41491,6.27939E-007
-0.8,0.000000161,2.50329,2.40918,6.48405E-007
-0.8,1.88739E-007,2.50329,2.40294,6.70473E-007
-0.8,2.21222E-007,2.50329,2.39571,6.91112E-007
-0.8,2.59294E-007,2.50329,2.38869,7.2369E-007
-0.8,3.0392E-007,2.50329,2.3804,7.51231E-007
-0.8,3.56225E-007,2.50329,2.37161,7.85307E-007
-0.8,4.17532E-007,2.50329,2.36193,8.2066E-007
-0.8,4.8939E-007,2.50329,2.35127,0.00000087
-0.8,5.73615E-007,2.50329,2.33928,9.05671E-007
-0.8,6.72336E-007,2.50329,2.32588,9.57466E-007
-0.8,0.000000788,2.50329,2.31058,0.000001015
-0.8,9.23671E-007,2.50329,2.293,1.08571E-006
-0.8,1.08264E-006,2.50329,2.27297,1.16766E-006
-0.8,0.000001269,2.50329,2.24944,1.2706E-006
-0.8,1.48735E-006,2.50329,2.2221,1.39723E-006
-0.8,1.74333E-006,2.50329,2.18982,1.55254E-006
-0.8,2.04336E-006,2.50329,2.15204,1.74322E-006
-0.8,0.000002395,2.50329,2.10674,1.97506E-006
-0.8,2.80722E-006,2.50329,2.05298,2.25888E-006
-0.8,3.29034E-006,2.50329,1.99018,2.60636E-006
-0.8,3.85662E-006,2.50329,1.91765,3.02315E-006
-0.8,4.52035E-006,2.50329,1.83528,0.00000352
-0.8,5.29832E-006,2.50329,1.74284,4.11289E-006
-0.8,6.21017E-006,2.50329,1.64022,0.000004806
-0.8,0.000007279,2.50329,1.52753,5.62389E-006
-0.8,8.53168E-006,2.50329,1.40518,6.58575E-006
-0.8,0.00001,2.50329,1.27396,7.72325E-006
-0.9,0.0000001,2.50329,2.42012,6.07725E-007
-0.9,1.1721E-007,2.50329,2.41541,6.25389E-007
-0.9,1.37382E-007,2.50329,2.41008,6.44479E-007
-0.9,0.000000161,2.50329,2.40413,6.6533E-007
-0.9,1.88739E-007,2.50329,2.39771,6.87801E-007
-0.9,2.21222E-007,2.50329,2.39067,7.12362E-007
-0.9,2.59294E-007,2.50329,2.38318,7.42323E-007
-0.9,3.0392E-007,2.50329,2.37485,7.72416E-007
-0.9,3.56225E-007,2.50329,2.36595,8.04662E-007
-0.9,4.17532E-007,2.50329,2.35635,8.41466E-007
-0.9,4.8939E-007,2.50329,2.34572,8.82936E-007
-0.9,5.73615E-007,2.50329,2.33315,9.22294E-007
-0.9,6.72336E-007,2.50329,2.32031,9.7967E-007
-0.9,0.000000788,2.50329,2.3049,1.03677E-006
-0.9,9.23671E-007,2.50329,2.28734,1.10842E-006
-0.9,1.08264E-006,2.50329,2.26708,1.1927E-006
-0.9,0.000001269,2.50329,2.24364,1.29691E-006
-0.9,1.48735E-006,2.50329,2.21625,1.42538E-006
-0.9,1.74333E-006,2.50329,2.18434,1.58228E-006
-0.9,2.04336E-006,2.50329,2.14645,1.76829E-006
-0.9,0.000002395,2.50329,2.10239,1.99737E-006
-0.9,2.80722E-006,2.50329,2.0497,2.27757E-006
-0.9,3.29034E-006,2.50329,1.98758,2.62333E-006
-0.9,3.85662E-006,2.50329,1.91545,3.03527E-006
-0.9,4.52035E-006,2.50329,1.83377,3.53411E-006
-0.9,5.29832E-006,2.50329,1.7413,4.12159E-006
-0.9,6.21017E-006,2.50329,1.63894,4.81547E-006
-0.9,0.000007279,2.50329,1.52636,5.63291E-006
-0.9,8.53168E-006,2.50329,1.40411,6.59605E-006
-0.9,0.00001,2.50329,1.27318,7.72856E-006
-1,0.0000001,2.50329,2.41579,6.25512E-007
-1,1.1721E-007,2.50329,2.41074,6.42404E-007
-1,1.37382E-007,2.50329,2.40524,6.61479E-007
-1,0.000000161,2.50329,2.39911,6.83097E-007
-1,1.88739E-007,2.50329,2.39248,7.05676E-007
-1,2.21222E-007,2.50329,2.38553,7.32544E-007
-1,2.59294E-007,2.50329,2.3779,7.60052E-007
-1,3.0392E-007,2.50329,2.36988,7.90664E-007
-1,3.56225E-007,2.50329,2.361,8.24263E-007
-1,4.17532E-007,2.50329,2.35118,8.60394E-007
-1,4.8939E-007,2.50329,2.34054,9.01924E-007
-1,5.73615E-007,2.50329,2.32852,9.48188E-007
-1,6.72336E-007,2.50329,2.315,9.97085E-007
-1,0.000000788,2.50329,2.29967,1.05794E-006
-1,9.23671E-007,2.50329,2.28201,1.12939E-006
-1,1.08264E-006,2.50329,2.2616,1.21591E-006
-1,0.000001269,2.50329,2.23803,1.32184E-006
-1,1.48735E-006,2.50329,2.21059,1.45175E-006
-1,1.74333E-006,2.50329,2.17875,1.60934E-006
-1,2.04336E-006,2.50329,2.14158,1.79674E-006
-1,0.000002395,2.50329,2.09764,2.02193E-006
-1,2.80722E-006,2.50329,2.04603,2.29935E-006
-1,3.29034E-006,2.50329,1.98485,2.64022E-006
-1,3.85662E-006,2.50329,1.91338,3.05007E-006
-1,4.52035E-006,2.50329,1.8317,0.000003543
-1,5.29832E-006,2.50329,1.73988,4.13222E-006
-1,6.21017E-006,2.50329,1.63737,4.82381E-006
-1,0.000007279,2.50329,1.52495,5.64181E-006
-1,8.53168E-006,2.50329,1.40291,6.6034E-006
-1,0.00001,2.50329,1.27194,7.73987E-006
-1.1,0.0000001,2.50329,2.41137,6.39309E-007
-1.1,1.1721E-007,2.50329,2.40602,6.56884E-007
-1.1,1.37382E-007,2.50329,2.40044,6.77367E-007
-1.1,0.000000161,2.50329,2.39417,0.000000699
-1.1,1.88739E-007,2.50329,2.38764,0.000000723
-1.1,2.21222E-007,2.50329,2.38045,7.47181E-007
-1.1,2.59294E-007,2.50329,2.37296,7.76332E-007
-1.1,3.0392E-007,2.50329,2.36499,8.08591E-007
-1.1,3.56225E-007,2.50329,2.35622,8.4187E-007
-1.1,4.17532E-007,2.50329,2.34642,8.78725E-007
-1.1,4.8939E-007,2.50329,2.33566,9.19208E-007
-1.1,5.73615E-007,2.50329,2.32355,0.000000973
-1.1,6.72336E-007,2.50329,2.31009,1.01783E-006
-1.1,0.000000788,2.50329,2.29467,1.07918E-006
-1.1,9.23671E-007,2.50329,2.27689,1.1497E-006
-1.1,1.08264E-006,2.50329,2.25642,1.2378E-006
-1.1,0.000001269,2.50329,2.23302,1.34532E-006
-1.1,1.48735E-006,2.50329,2.20549,1.47614E-006
-1.1,1.74333E-006,2.50329,2.17342,1.6338E-006
-1.1,2.04336E-006,2.50329,2.13641,1.82348E-006
-1.1,0.000002395,2.50329,2.09301,2.04906E-006
-1.1,2.80722E-006,2.50329,2.04181,2.3222E-006
-1.1,3.29034E-006,2.50329,1.9813,2.6573E-006
-1.1,3.85662E-006,2.50329,1.91071,3.06258E-006
-1.1,4.52035E-006,2.50329,1.82971,3.55641E-006
-1.1,5.29832E-006,2.50329,1.73787,4.1417E-006
-1.1,6.21017E-006,2.50329,1.63595,4.83312E-006
-1.1,0.000007279,2.50329,1.52357,5.65089E-006
-1.1,8.53168E-006,2.50329,1.40161,6.61456E-006
-1.1,0.00001,2.50329,1.27097,7.7482E-006
-1.2,0.0000001,2.50329,2.40786,6.51426E-007
-1.2,1.1721E-007,2.50329,2.40253,6.70212E-007
-1.2,1.37382E-007,2.50329,2.39658,6.89363E-007
-1.2,0.000000161,2.50329,2.39048,7.1191E-007
-1.2,1.88739E-007,2.50329,2.38378,7.36949E-007
-1.2,2.21222E-007,2.50329,2.3765,7.61391E-007
-1.2,2.59294E-007,2.50329,2.36921,7.91072E-007
-1.2,3.0392E-007,2.50329,2.361,8.22339E-007
-1.2,3.56225E-007,2.50329,2.352,8.5328E-007
-1.2,4.17532E-007,2.50329,2.34242,8.93262E-007
-1.2,4.8939E-007,2.50329,2.33154,9.32749E-007
-1.2,5.73615E-007,2.50329,2.31957,9.8077E-007
-1.2,6.72336E-007,2.50329,2.30596,1.03053E-006
-1.2,0.000000788,2.50329,2.29057,1.09548E-006
-1.2,9.23671E-007,2.50329,2.2728,1.16666E-006
-1.2,1.08264E-006,2.50329,2.25239,1.25719E-006
-1.2,0.000001269,2.50329,2.22873,1.3648E-006
-1.2,1.48735E-006,2.50329,2.20138,1.49617E-006
-1.2,1.74333E-006,2.50329,2.16945,0.000001656
-1.2,2.04336E-006,2.50329,2.13211,1.84487E-006
-1.2,0.000002395,2.50329,2.08883,2.07111E-006
-1.2,2.80722E-006,2.50329,2.03812,2.34156E-006
-1.2,3.29034E-006,2.50329,1.97864,0.000002675
-1.2,3.85662E-006,2.50329,1.90875,3.07984E-006
-1.2,4.52035E-006,2.50329,1.82792,3.56633E-006
-1.2,5.29832E-006,2.50329,1.73648,4.15129E-006
-1.2,6.21017E-006,2.50329,1.63474,4.84206E-006
-1.2,0.000007279,2.50329,1.52246,5.65883E-006
-1.2,8.53168E-006,2.50329,1.40051,6.61986E-006
-1.2,0.00001,2.50329,1.26995,7.75919E-006
-1.3,0.0000001,2.50329,2.40739,6.54162E-007
-1.3,1.1721E-007,2.50329,2.40158,6.72082E-007
-1.3,1.37382E-007,2.50329,2.39594,6.92535E-007
-1.3,0.000000161,2.50329,2.38945,7.14526E-007
-1.3,1.88739E-007,2.50329,2.38264,7.39871E-007
-1.3,2.21222E-007,2.50329,2.37563,7.67455E-007
-1.3,2.59294E-007,2.50329,2.36787,7.91267E-007
-1.3,3.0392E-007,2.50329,2.35999,8.25151E-007
-1.3,3.56225E-007,2.50329,2.3512,8.59901E-007
-1.3,4.17532E-007,2.50329,2.34151,8.97815E-007
-1.3,4.8939E-007,2.50329,2.33068,9.39344E-007
-1.3,5.73615E-007,2.50329,2.31866,9.83101E-007
-1.3,6.72336E-007,2.50329,2.30489,0.000001037
-1.3,0.000000788,2.50329,2.28943,1.09791E-006
-1.3,9.23671E-007,2.50329,2.27175,1.17069E-006
-1.3,1.08264E-006,2.50329,2.25149,0.000001261
-1.3,0.000001269,2.50329,2.22782,1.37026E-006
-1.3,1.48735E-006,2.50329,2.20038,1.50179E-006
-1.3,1.74333E-006,2.50329,2.16826,1.65823E-006
-1.3,2.04336E-006,2.50329,2.13124,1.84861E-006
-1.3,0.000002395,2.50329,2.08776,2.07511E-006
-1.3,2.80722E-006,2.50329,2.03741,2.34841E-006
-1.3,3.29034E-006,2.50329,1.97784,2.67833E-006
-1.3,3.85662E-006,2.50329,1.90835,3.08157E-006
-1.3,4.52035E-006,2.50329,1.82781,3.56936E-006
-1.3,5.29832E-006,2.50329,1.73639,4.15188E-006
-1.3,6.21017E-006,2.50329,1.6345,4.84405E-006
-1.3,0.000007279,2.50329,1.52236,5.66277E-006
-1.3,8.53168E-006,2.50329,1.40043,6.62121E-006
-1.3,0.00001,2.50329,1.26975,7.75813E-006
-1.4,0.0000001,2.50329,2.40746,6.51821E-007
-1.4,1.1721E-007,2.50329,2.40195,6.7077E-007
-1.4,1.37382E-007,2.50329,2.39602,6.92339E-007
-1.4,0.000000161,2.50329,2.3895,7.13412E-007
-1.4,1.88739E-007,2.50329,2.38292,7.39057E-007
-1.4,2.21222E-007,2.50329,2.37574,7.64941E-007
-1.4,2.59294E-007,2.50329,2.36829,7.9617E-007
-1.4,3.0392E-007,2.50329,2.36019,8.25399E-007
-1.4,3.56225E-007,2.50329,2.35139,8.60322E-007
-1.4,4.17532E-007,2.50329,2.34167,8.97644E-007
-1.4,4.8939E-007,2.50329,2.3306,9.38282E-007
-1.4,5.73615E-007,2.50329,2.31857,1.00883E-006
-1.4,6.72336E-007,2.50329,2.305,1.03576E-006
-1.4,0.000000788,2.50329,2.28948,1.09852E-006
-1.4,9.23671E-007,2.50329,2.2719,1.17094E-006
-1.4,1.08264E-006,2.50329,2.25145,1.26021E-006
-1.4,0.000001269,2.50329,2.22788,1.36973E-006
-1.4,1.48735E-006,2.50329,2.20047,1.50255E-006
-1.4,1.74333E-006,2.50329,2.1686,1.65912E-006
-1.4,2.04336E-006,2.50329,2.13136,1.84825E-006
-1.4,0.000002395,2.50329,2.08797,2.07593E-006
-1.4,2.80722E-006,2.50329,2.03705,2.34523E-006
-1.4,3.29034E-006,2.50329,1.97802,2.67729E-006
-1.4,3.85662E-006,2.50329,1.90836,3.07976E-006
-1.4,4.52035E-006,2.50329,1.82798,3.56724E-006
-1.4,5.29832E-006,2.50329,1.73667,4.1511E-006
-1.4,6.21017E-006,2.50329,1.63454,4.84049E-006
-1.4,0.000007279,2.50329,1.52269,5.65969E-006
-1.4,8.53168E-006,2.50329,1.40062,6.62092E-006
-1.4,0.00001,2.50329,1.27001,7.75561E-006
-1.5,0.0000001,2.50329,2.40778,6.49451E-007
-1.5,1.1721E-007,2.50329,2.40242,6.70833E-007
-1.5,1.37382E-007,2.50329,2.39636,6.90535E-007
-1.5,0.000000161,2.50329,2.39004,7.14233E-007
-1.5,1.88739E-007,2.50329,2.38327,7.38638E-007
-1.5,2.21222E-007,2.50329,2.37626,7.66051E-007
-1.5,2.59294E-007,2.50329,2.36879,7.94225E-007
-1.5,3.0392E-007,2.50329,2.36061,8.25475E-007
-1.5,3.56225E-007,2.50329,2.35163,8.5873E-007
-1.5,4.17532E-007,2.50329,2.34198,8.95896E-007
-1.5,4.8939E-007,2.50329,2.33103,9.3553E-007
-1.5,5.73615E-007,2.50329,2.31891,1.00562E-006
-1.5,6.72336E-007,2.50329,2.30534,1.03562E-006
-1.5,0.000000788,2.50329,2.28978,1.09769E-006
-1.5,9.23671E-007,2.50329,2.27213,1.17031E-006
-1.5,1.08264E-006,2.50329,2.25177,1.25986E-006
-1.5,0.000001269,2.50329,2.22825,1.36736E-006
-1.5,1.48735E-006,2.50329,2.2007,1.49917E-006
-1.5,1.74333E-006,2.50329,2.16884,1.65753E-006
-1.5,2.04336E-006,2.50329,2.13155,1.84691E-006
-1.5,0.000002395,2.50329,2.08787,2.0725E-006
-1.5,2.80722E-006,2.50329,2.03775,2.34594E-006
-1.5,3.29034E-006,2.50329,1.97818,2.67646E-006
-1.5,3.85662E-006,2.50329,1.90879,3.07708E-006
-1.5,4.52035E-006,2.50329,1.82835,3.56607E-006
-1.5,5.29832E-006,2.50329,1.73708,4.14763E-006
-1.5,6.21017E-006,2.50329,1.63512,4.8401E-006
-1.5,0.000007279,2.50329,1.5228,0.000005657
-1.5,8.53168E-006,2.50329,1.40068,6.61786E-006
-1.5,0.00001,2.50329,1.27023,7.75336E-006
-1.6,0.0000001,2.50329,2.40841,6.48633E-007
-1.6,1.1721E-007,2.50329,2.40279,6.67792E-007
-1.6,1.37382E-007,2.50329,2.39686,6.87941E-007
-1.6,0.000000161,2.50329,2.39039,7.10939E-007
-1.6,1.88739E-007,2.50329,2.38383,7.37537E-007
-1.6,2.21222E-007,2.50329,2.37657,7.62517E-007
-1.6,2.59294E-007,2.50329,2.36921,7.91549E-007
-1.6,3.0392E-007,2.50329,2.36098,8.22911E-007
-1.6,3.56225E-007,2.50329,2.35223,8.57662E-007
-1.6,4.17532E-007,2.50329,2.34239,8.94723E-007
-1.6,4.8939E-007,2.50329,2.33153,9.36809E-007
-1.6,5.73615E-007,2.50329,2.31935,1.00236E-006
-1.6,6.72336E-007,2.50329,2.30579,0.000001034
-1.6,0.000000788,2.50329,2.29022,1.09636E-006
-1.6,9.23671E-007,2.50329,2.27264,0.000001169
-1.6,1.08264E-006,2.50329,2.25211,1.25741E-006
-1.6,0.000001269,2.50329,2.22851,0.000001366
-1.6,1.48735E-006,2.50329,2.20089,1.49772E-006
-1.6,1.74333E-006,2.50329,2.16913,1.6563E-006
-1.6,2.04336E-006,2.50329,2.13203,1.84455E-006
-1.6,0.000002395,2.50329,2.0887,2.07307E-006
-1.6,2.80722E-006,2.50329,2.03807,2.34379E-006
-1.6,3.29034E-006,2.50329,1.9785,2.67284E-006
-1.6,3.85662E-006,2.50329,1.90922,3.07566E-006
-1.6,4.52035E-006,2.50329,1.82874,3.56307E-006
-1.6,5.29832E-006,2.50329,1.73736,4.1445E-006
-1.6,6.21017E-006,2.50329,1.6355,4.83524E-006
-1.6,0.000007279,2.50329,1.52341,5.6553E-006
-1.6,8.53168E-006,2.50329,1.40132,6.61415E-006
-1.6,0.00001,2.50329,1.27061,7.74876E-006
-1.7,0.0000001,2.50329,2.40907,0.000000647
-1.7,1.1721E-007,2.50329,2.4033,6.65099E-007
-1.7,1.37382E-007,2.50329,2.39754,6.8713E-007
-1.7,0.000000161,2.50329,2.39102,7.09479E-007
-1.7,1.88739E-007,2.50329,2.38425,7.34934E-007
-1.7,2.21222E-007,2.50329,2.37744,0.000000763
-1.7,2.59294E-007,2.50329,2.36983,7.90442E-007
-1.7,3.0392E-007,2.50329,2.36161,8.21484E-007
-1.7,3.56225E-007,2.50329,2.35273,8.54733E-007
-1.7,4.17532E-007,2.50329,2.34289,0.000000893
-1.7,4.8939E-007,2.50329,2.33192,9.3435E-007
-1.7,5.73615E-007,2.50329,2.31981,9.99278E-007
-1.7,6.72336E-007,2.50329,2.30629,1.03346E-006
-1.7,0.000000788,2.50329,2.2905,1.0935E-006
-1.7,9.23671E-007,2.50329,2.27302,1.16722E-006
-1.7,1.08264E-006,2.50329,2.25249,1.25612E-006
-1.7,0.000001269,2.50329,2.229,1.36426E-006
-1.7,1.48735E-006,2.50329,2.20146,1.49539E-006
-1.7,1.74333E-006,2.50329,2.1696,1.65444E-006
-1.7,2.04336E-006,2.50329,2.13243,1.84388E-006
-1.7,0.000002395,2.50329,2.08896,2.06982E-006
-1.7,2.80722E-006,2.50329,2.03828,2.34146E-006
-1.7,3.29034E-006,2.50329,1.9793,2.67215E-006
-1.7,3.85662E-006,2.50329,1.90964,3.07268E-006
-1.7,4.52035E-006,2.50329,1.82932,3.55786E-006
-1.7,5.29832E-006,2.50329,1.73806,4.14144E-006
-1.7,6.21017E-006,2.50329,1.63615,4.83384E-006
-1.7,0.000007279,2.50329,1.5238,0.00000565
-1.7,8.53168E-006,2.50329,1.40163,6.60861E-006
-1.7,0.00001,2.50329,1.27096,7.7485E-006
-1.8,0.0000001,2.50329,2.41005,6.41581E-007
-1.8,1.1721E-007,2.50329,2.40443,6.6194E-007
-1.8,1.37382E-007,2.50329,2.39844,6.83724E-007
-1.8,0.000000161,2.50329,2.39196,7.0653E-007
-1.8,1.88739E-007,2.50329,2.3852,7.33145E-007
-1.8,2.21222E-007,2.50329,2.37817,7.59355E-007
-1.8,2.59294E-007,2.50329,2.37063,7.87311E-007
-1.8,3.0392E-007,2.50329,2.36243,8.18326E-007
-1.8,3.56225E-007,2.50329,2.35349,8.53199E-007
-1.8,4.17532E-007,2.50329,2.34359,8.90783E-007
-1.8,4.8939E-007,2.50329,2.33273,9.30625E-007
-1.8,5.73615E-007,2.50329,2.32051,9.97665E-007
-1.8,6.72336E-007,2.50329,2.30671,1.03024E-006
-1.8,0.000000788,2.50329,2.29134,1.09305E-006
-1.8,9.23671E-007,2.50329,2.27355,1.16406E-006
-1.8,1.08264E-006,2.50329,2.25315,1.25311E-006
-1.8,0.000001269,2.50329,2.2296,0.000001362
-1.8,1.48735E-006,2.50329,2.20217,1.49326E-006
-1.8,1.74333E-006,2.50329,2.17007,0.000001651
-1.8,2.04336E-006,2.50329,2.1328,1.83924E-006
-1.8,0.000002395,2.50329,2.08957,2.06676E-006
-1.8,2.80722E-006,2.50329,2.0387,2.33753E-006
-1.8,3.29034E-006,2.50329,1.97968,2.6683E-006
-1.8,3.85662E-006,2.50329,1.91027,3.06757E-006
-1.8,4.52035E-006,2.50329,1.8301,3.55428E-006
-1.8,5.29832E-006,2.50329,1.73875,4.13763E-006
-1.8,6.21017E-006,2.50329,1.63659,4.82684E-006
-1.8,0.000007279,2.50329,1.52454,5.6454E-006
-1.8,8.53168E-006,2.50329,1.40237,6.60553E-006
-1.8,0.00001,2.50329,1.27135,7.74572E-006
-1.9,0.0000001,2.50329,2.41118,6.35289E-007
-1.9,1.1721E-007,2.50329,2.40562,6.57057E-007
-1.9,1.37382E-007,2.50329,2.39946,6.79598E-007
-1.9,0.000000161,2.50329,2.393,7.03205E-007
-1.9,1.88739E-007,2.50329,2.38623,7.28353E-007
-1.9,2.21222E-007,2.50329,2.37909,7.55631E-007
-1.9,2.59294E-007,2.50329,2.37122,7.83219E-007
-1.9,3.0392E-007,2.50329,2.3632,8.15629E-007
-1.9,3.56225E-007,2.50329,2.35426,8.51519E-007
-1.9,4.17532E-007,2.50329,2.3443,8.88227E-007
-1.9,4.8939E-007,2.50329,2.33343,9.27867E-007
-1.9,5.73615E-007,2.50329,2.32119,9.91949E-007
-1.9,6.72336E-007,2.50329,2.30748,1.02821E-006
-1.9,0.000000788,2.50329,2.29185,1.0894E-006
-1.9,9.23671E-007,2.50329,2.27437,0.000001161
-1.9,1.08264E-006,2.50329,2.2539,1.25021E-006
-1.9,0.000001269,2.50329,2.23025,1.35817E-006
-1.9,1.48735E-006,2.50329,2.20279,1.49192E-006
-1.9,1.74333E-006,2.50329,2.17081,1.64781E-006
-1.9,2.04336E-006,2.50329,2.13372,1.83713E-006
-1.9,0.000002395,2.50329,2.0902,2.06278E-006
-1.9,2.80722E-006,2.50329,2.03958,2.33463E-006
-1.9,3.29034E-006,2.50329,1.98021,2.66417E-006
-1.9,3.85662E-006,2.50329,1.91116,3.06562E-006
-1.9,4.52035E-006,2.50329,1.83093,3.54939E-006
-1.9,5.29832E-006,2.50329,1.73961,0.000004133
-1.9,6.21017E-006,2.50329,1.63754,4.82223E-006
-1.9,0.000007279,2.50329,1.52514,0.000005638
-1.9,8.53168E-006,2.50329,1.4032,6.60221E-006
-1.9,0.00001,2.50329,1.27202,7.73789E-006
-2,0.0000001,2.50329,2.41138,6.35381E-007
-2,1.1721E-007,2.50329,2.40568,6.57115E-007
-2,1.37382E-007,2.50329,2.39946,6.78488E-007
-2,0.000000161,2.50329,2.39302,7.03937E-007
-2,1.88739E-007,2.50329,2.38619,7.29323E-007
-2,2.21222E-007,2.50329,2.37858,7.5477E-007
-2,2.59294E-007,2.50329,2.37137,7.85334E-007
-2,3.0392E-007,2.50329,2.36304,0.000000817
-2,3.56225E-007,2.50329,2.35353,8.48784E-007
-2,4.17532E-007,2.50329,2.34394,8.89596E-007
-2,4.8939E-007,2.50329,2.33282,9.30184E-007
-2,5.73615E-007,2.50329,2.32065,9.9446E-007
-2,6.72336E-007,2.50329,2.30688,1.02959E-006
-2,0.000000788,2.50329,2.29148,1.09148E-006
-2,9.23671E-007,2.50329,2.27378,1.16379E-006
-2,1.08264E-006,2.50329,2.25332,1.25364E-006
-2,0.000001269,2.50329,2.22968,1.36149E-006
-2,1.48735E-006,2.50329,2.20222,1.49385E-006
-2,1.74333E-006,2.50329,2.17024,1.65206E-006
-2,2.04336E-006,2.50329,2.13309,1.84152E-006
-2,0.000002395,2.50329,2.0895,2.06832E-006
-2,2.80722E-006,2.50329,2.0388,2.33976E-006
-2,3.29034E-006,2.50329,1.98002,2.66875E-006
-2,3.85662E-006,2.50329,1.91111,3.06506E-006
-2,4.52035E-006,2.50329,1.83112,3.54864E-006
-2,5.29832E-006,2.50329,1.73994,4.12961E-006
-2,6.21017E-006,2.50329,1.63795,4.81963E-006
-2,0.000007279,2.50329,1.52552,5.63561E-006
-2,8.53168E-006,2.50329,1.40339,6.59584E-006
-2,0.00001,2.50329,1.27237,0.000007733
-2.1,0.0000001,2.50329,2.40944,6.44056E-007
-2.1,1.1721E-007,2.50329,2.4035,0.000000665
-2.1,1.37382E-007,2.50329,2.39723,6.86736E-007
-2.1,0.000000161,2.50329,2.39059,7.09526E-007
-2.1,1.88739E-007,2.50329,2.38392,7.37227E-007
-2.1,2.21222E-007,2.50329,2.37671,7.64542E-007
-2.1,2.59294E-007,2.50329,2.3689,7.93946E-007
-2.1,3.0392E-007,2.50329,2.36059,8.2631E-007
-2.1,3.56225E-007,2.50329,2.35082,8.55759E-007
-2.1,4.17532E-007,2.50329,2.34167,0.000000899
-2.1,4.8939E-007,2.50329,2.33044,9.41598E-007
-2.1,5.73615E-007,2.50329,2.31813,1.01672E-006
-2.1,6.72336E-007,2.50329,2.30436,1.04158E-006
-2.1,0.000000788,2.50329,2.28874,0.000001104
-2.1,9.23671E-007,2.50329,2.27115,1.17621E-006
-2.1,1.08264E-006,2.50329,2.25039,1.2669E-006
-2.1,0.000001269,2.50329,2.2269,1.3759E-006
-2.1,1.48735E-006,2.50329,2.19916,1.50756E-006
-2.1,1.74333E-006,2.50329,2.16737,1.6663E-006
-2.1,2.04336E-006,2.50329,2.12995,0.000001857
-2.1,0.000002395,2.50329,2.08635,2.08277E-006
-2.1,2.80722E-006,2.50329,2.03613,2.35776E-006
-2.1,3.29034E-006,2.50329,1.97716,0.000002685
-2.1,3.85662E-006,2.50329,1.909,3.08114E-006
-2.1,4.52035E-006,2.50329,1.82989,3.55913E-006
-2.1,5.29832E-006,2.50329,1.73903,0.000004137
-2.1,6.21017E-006,2.50329,1.63745,4.82615E-006
-2.1,0.000007279,2.50329,1.52528,5.64224E-006
-2.1,8.53168E-006,2.50329,1.40298,6.60208E-006
-2.1,0.00001,2.50329,1.2718,7.73838E-006
-2.2,0.0000001,2.50329,2.40642,6.53781E-007
-2.2,1.1721E-007,2.50329,2.40049,0.000000676
-2.2,1.37382E-007,2.50329,2.39381,6.96081E-007
-2.2,0.000000161,2.50329,2.38777,7.24133E-007
-2.2,1.88739E-007,2.50329,2.38057,7.47284E-007
-2.2,2.21222E-007,2.50329,2.37367,7.75715E-007
-2.2,2.59294E-007,2.50329,2.36582,8.07374E-007
-2.2,3.0392E-007,2.50329,2.35688,8.36635E-007
-2.2,3.56225E-007,2.50329,2.34813,8.74157E-007
-2.2,4.17532E-007,2.50329,2.33778,9.07276E-007
-2.2,4.8939E-007,2.50329,2.3271,9.53625E-007
-2.2,5.73615E-007,2.50329,2.31431,0.000001037
-2.2,6.72336E-007,2.50329,2.30082,1.05855E-006
-2.2,0.000000788,2.50329,2.2851,1.11869E-006
-2.2,9.23671E-007,2.50329,2.26714,1.19333E-006
-2.2,1.08264E-006,2.50329,2.24665,0.000001285
-2.2,0.000001269,2.50329,2.22281,1.39543E-006
-2.2,1.48735E-006,2.50329,2.1954,1.52589E-006
-2.2,1.74333E-006,2.50329,2.16309,1.68652E-006
-2.2,2.04336E-006,2.50329,2.12597,1.87537E-006
-2.2,0.000002395,2.50329,2.08267,2.10492E-006
-2.2,2.80722E-006,2.50329,2.03195,2.3776E-006
-2.2,3.29034E-006,2.50329,1.97342,2.70591E-006
-2.2,3.85662E-006,2.50329,1.90597,3.09884E-006
-2.2,4.52035E-006,2.50329,1.82759,0.000003576
-2.2,5.29832E-006,2.50329,1.73777,4.15075E-006
-2.2,6.21017E-006,2.50329,1.63627,4.83705E-006
-2.2,0.000007279,2.50329,1.52401,5.64912E-006
-2.2,8.53168E-006,2.50329,1.40205,6.60877E-006
-2.2,0.00001,2.50329,1.27105,7.74866E-006
-2.3,0.0000001,2.50329,2.40328,6.65436E-007
-2.3,1.1721E-007,2.50329,2.39728,6.86488E-007
-2.3,1.37382E-007,2.50329,2.39114,7.11647E-007
-2.3,0.000000161,2.50329,2.38425,7.33373E-007
-2.3,1.88739E-007,2.50329,2.3776,7.6114E-007
-2.3,2.21222E-007,2.50329,2.37041,7.88436E-007
-2.3,2.59294E-007,2.50329,2.36266,0.000000818
-2.3,3.0392E-007,2.50329,2.35414,8.50203E-007
-2.3,3.56225E-007,2.50329,2.34476,8.87105E-007
-2.3,4.17532E-007,2.50329,2.33474,9.23871E-007
-2.3,4.8939E-007,2.50329,2.3234,9.68403E-007
-2.3,5.73615E-007,2.50329,2.311,1.06026E-006
-2.3,6.72336E-007,2.50329,2.29696,1.07112E-006
-2.3,0.000000788,2.50329,2.28102,1.13273E-006
-2.3,9.23671E-007,2.50329,2.26339,1.2105E-006
-2.3,1.08264E-006,2.50329,2.24277,1.30307E-006
-2.3,0.000001269,2.50329,2.21892,1.41587E-006
-2.3,1.48735E-006,2.50329,2.19106,1.54749E-006
-2.3,1.74333E-006,2.50329,2.15946,1.70743E-006
-2.3,2.04336E-006,2.50329,2.12178,0.000001897
-2.3,0.000002395,2.50329,2.07855,2.12773E-006
-2.3,2.80722E-006,2.50329,2.02816,2.40164E-006
-2.3,3.29034E-006,2.50329,1.96949,0.000002731
-2.3,3.85662E-006,2.50329,1.90238,3.12506E-006
-2.3,4.52035E-006,2.50329,1.82463,3.59378E-006
-2.3,5.29832E-006,2.50329,1.7359,4.16748E-006
-2.3,6.21017E-006,2.50329,1.63476,4.84689E-006
-2.3,0.000007279,2.50329,1.52286,5.65865E-006
-2.3,8.53168E-006,2.50329,1.40117,0.000006621
-2.3,0.00001,2.50329,1.27013,7.76042E-006
-2.4,0.0000001,2.50329,2.40017,0.000000675
-2.4,1.1721E-007,2.50329,2.39414,6.97319E-007
-2.4,1.37382E-007,2.50329,2.38771,7.19497E-007
-2.4,0.000000161,2.50329,2.38131,7.45169E-007
-2.4,1.88739E-007,2.50329,2.37436,7.71317E-007
-2.4,2.21222E-007,2.50329,2.36734,8.00502E-007
-2.4,2.59294E-007,2.50329,2.35941,8.3145E-007
-2.4,3.0392E-007,2.50329,2.35028,8.61274E-007
-2.4,3.56225E-007,2.50329,2.34165,8.96717E-007
-2.4,4.17532E-007,2.50329,2.33131,9.37863E-007
-2.4,4.8939E-007,2.50329,2.31996,9.82695E-007
-2.4,5.73615E-007,2.50329,2.30701,1.08785E-006
-2.4,6.72336E-007,2.50329,2.29337,1.08921E-006
-2.4,0.000000788,2.50329,2.27755,1.15105E-006
-2.4,9.23671E-007,2.50329,2.25953,1.2267E-006
-2.4,1.08264E-006,2.50329,2.23839,1.31985E-006
-2.4,0.000001269,2.50329,2.21412,1.4303E-006
-2.4,1.48735E-006,2.50329,2.18668,1.56577E-006
-2.4,1.74333E-006,2.50329,2.15549,1.72837E-006
-2.4,2.04336E-006,2.50329,2.11817,1.92054E-006
-2.4,0.000002395,2.50329,2.07488,2.15125E-006
-2.4,2.80722E-006,2.50329,2.02431,2.42507E-006
-2.4,3.29034E-006,2.50329,1.96548,2.75588E-006
-2.4,3.85662E-006,2.50329,1.89831,3.14672E-006
-2.4,4.52035E-006,2.50329,1.82166,3.61817E-006
-2.4,5.29832E-006,2.50329,1.73334,4.17983E-006
-2.4,6.21017E-006,2.50329,1.63327,4.86074E-006
-2.4,0.000007279,2.50329,1.52189,5.67276E-006
-2.4,8.53168E-006,2.50329,1.39975,6.6321E-006
-2.4,0.00001,2.50329,1.26894,7.76477E-006
-2.5,0.0000001,2.50329,2.39688,6.85346E-007
-2.5,1.1721E-007,2.50329,2.39116,7.10545E-007
-2.5,1.37382E-007,2.50329,2.38501,7.32786E-007
-2.5,0.000000161,2.50329,2.37805,7.56606E-007
-2.5,1.88739E-007,2.50329,2.37111,0.000000782
-2.5,2.21222E-007,2.50329,2.36408,8.11492E-007
-2.5,2.59294E-007,2.50329,2.35608,8.43608E-007
-2.5,3.0392E-007,2.50329,2.34785,8.76897E-007
-2.5,3.56225E-007,2.50329,2.33821,9.12291E-007
-2.5,4.17532E-007,2.50329,2.32775,9.52142E-007
-2.5,4.8939E-007,2.50329,2.31658,9.94596E-007
-2.5,5.73615E-007,2.50329,2.30373,1.11156E-006
-2.5,6.72336E-007,2.50329,2.28976,1.11384E-006
-2.5,0.000000788,2.50329,2.2737,1.16365E-006
-2.5,9.23671E-007,2.50329,2.25564,1.24586E-006
-2.5,1.08264E-006,2.50329,2.23478,1.33977E-006
-2.5,0.000001269,2.50329,2.21088,0.000001454
-2.5,1.48735E-006,2.50329,2.18326,1.58969E-006
-2.5,1.74333E-006,2.50329,2.15137,1.7511E-006
-2.5,2.04336E-006,2.50329,2.1138,1.93805E-006
-2.5,0.000002395,2.50329,2.07032,2.17191E-006
-2.5,2.80722E-006,2.50329,2.02025,2.44725E-006
-2.5,3.29034E-006,2.50329,1.96193,2.77672E-006
-2.5,3.85662E-006,2.50329,1.89448,3.17111E-006
-2.5,4.52035E-006,2.50329,1.81813,3.63976E-006
-2.5,5.29832E-006,2.50329,1.73075,4.19965E-006
-2.5,6.21017E-006,2.50329,1.63136,4.87753E-006
-2.5,0.000007279,2.50329,1.51998,5.68313E-006
-2.5,8.53168E-006,2.50329,1.39855,6.64139E-006
-2.5,0.00001,2.50329,1.2678,7.77938E-006
-2.6,0.0000001,2.50329,2.39428,6.98878E-007
-2.6,1.1721E-007,2.50329,2.38826,7.20856E-007
-2.6,1.37382E-007,2.50329,2.38214,7.45465E-007
-2.6,0.000000161,2.50329,2.37525,7.6582E-007
-2.6,1.88739E-007,2.50329,2.36823,7.93764E-007
-2.6,2.21222E-007,2.50329,2.3608,8.22355E-007
-2.6,2.59294E-007,2.50329,2.35274,8.53411E-007
-2.6,3.0392E-007,2.50329,2.34442,8.89064E-007
-2.6,3.56225E-007,2.50329,2.33472,0.000000924
-2.6,4.17532E-007,2.50329,2.32456,9.64322E-007
-2.6,4.8939E-007,2.50329,2.31302,1.00916E-006
-2.6,5.73615E-007,2.50329,2.30044,1.05972E-006
-2.6,6.72336E-007,2.50329,2.28606,1.1408E-006
-2.6,0.000000788,2.50329,2.27015,1.18191E-006
-2.6,9.23671E-007,2.50329,2.25185,1.26214E-006
-2.6,1.08264E-006,2.50329,2.23029,1.35536E-006
-2.6,0.000001269,2.50329,2.20696,1.47348E-006
-2.6,1.48735E-006,2.50329,2.17914,1.60935E-006
-2.6,1.74333E-006,2.50329,2.14721,1.77064E-006
-2.6,2.04336E-006,2.50329,2.11033,1.96507E-006
-2.6,0.000002395,2.50329,2.06668,2.19392E-006
-2.6,2.80722E-006,2.50329,2.01621,2.47054E-006
-2.6,3.29034E-006,2.50329,1.95793,2.80065E-006
-2.6,3.85662E-006,2.50329,1.89096,3.19433E-006
-2.6,4.52035E-006,2.50329,1.81474,3.66489E-006
-2.6,5.29832E-006,2.50329,1.72749,4.22131E-006
-2.6,6.21017E-006,2.50329,1.62913,4.89124E-006
-2.6,0.000007279,2.50329,1.51857,5.69553E-006
-2.6,8.53168E-006,2.50329,1.39723,6.65669E-006
-2.6,0.00001,2.50329,1.2667,7.78761E-006
-2.7,0.0000001,2.50329,2.39113,7.06109E-007
-2.7,1.1721E-007,2.50329,2.38501,7.2868E-007
-2.7,1.37382E-007,2.50329,2.37875,0.000000753
-2.7,0.000000161,2.50329,2.37219,7.77878E-007
-2.7,1.88739E-007,2.50329,2.365,8.01718E-007
-2.7,2.21222E-007,2.50329,2.35713,8.30162E-007
-2.7,2.59294E-007,2.50329,2.34997,0.000000866
-2.7,3.0392E-007,2.50329,2.34091,8.98253E-007
-2.7,3.56225E-007,2.50329,2.332,9.32445E-007
-2.7,4.17532E-007,2.50329,2.32051,9.70929E-007
-2.7,4.8939E-007,2.50329,2.30967,1.01894E-006
-2.7,5.73615E-007,2.50329,2.29672,1.0721E-006
-2.7,6.72336E-007,2.50329,2.28256,1.16586E-006
-2.7,0.000000788,2.50329,2.26657,1.19678E-006
-2.7,9.23671E-007,2.50329,2.24806,1.27916E-006
-2.7,1.08264E-006,2.50329,2.22715,1.3737E-006
-2.7,0.000001269,2.50329,2.2031,0.000001491
-2.7,1.48735E-006,2.50329,2.17536,1.62874E-006
-2.7,1.74333E-006,2.50329,2.14275,1.78849E-006
-2.7,2.04336E-006,2.50329,2.10631,1.98574E-006
-2.7,0.000002395,2.50329,2.06293,2.21505E-006
-2.7,2.80722E-006,2.50329,2.01262,0.000002494
-2.7,3.29034E-006,2.50329,1.95392,2.82134E-006
-2.7,3.85662E-006,2.50329,1.88748,3.21851E-006
-2.7,4.52035E-006,2.50329,1.81102,3.68769E-006
-2.7,5.29832E-006,2.50329,1.72402,4.24328E-006
-2.7,6.21017E-006,2.50329,1.62666,4.91433E-006
-2.7,0.000007279,2.50329,1.51664,5.71061E-006
-2.7,8.53168E-006,2.50329,1.39564,6.66363E-006
-2.7,0.00001,2.50329,1.26547,7.80084E-006
-2.8,0.0000001,2.50329,2.38864,7.16173E-007
-2.8,1.1721E-007,2.50329,2.38267,7.42567E-007
-2.8,1.37382E-007,2.50329,2.37627,7.65061E-007
-2.8,0.000000161,2.50329,2.36953,7.89149E-007
-2.8,1.88739E-007,2.50329,2.36258,8.18189E-007
-2.8,2.21222E-007,2.50329,2.3549,8.4514E-007
-2.8,2.59294E-007,2.50329,2.34699,8.78627E-007
-2.8,3.0392E-007,2.50329,2.33802,9.12186E-007
-2.8,3.56225E-007,2.50329,2.32862,9.47129E-007
-2.8,4.17532E-007,2.50329,2.3179,9.88459E-007
-2.8,4.8939E-007,2.50329,2.30646,1.03478E-006
-2.8,5.73615E-007,2.50329,2.29373,1.08409E-006
-2.8,6.72336E-007,2.50329,2.27919,1.19023E-006
-2.8,0.000000788,2.50329,2.26295,1.21329E-006
-2.8,9.23671E-007,2.50329,2.24458,1.29609E-006
-2.8,1.08264E-006,2.50329,2.22354,1.39324E-006
-2.8,0.000001269,2.50329,2.19945,1.5091E-006
-2.8,1.48735E-006,2.50329,2.17157,1.6467E-006
-2.8,1.74333E-006,2.50329,2.13964,1.81121E-006
-2.8,2.04336E-006,2.50329,2.10235,2.00325E-006
-2.8,0.000002395,2.50329,2.05906,2.23548E-006
-2.8,2.80722E-006,2.50329,2.00886,2.51293E-006
-2.8,3.29034E-006,2.50329,1.95072,2.84465E-006
-2.8,3.85662E-006,2.50329,1.88416,3.23893E-006
-2.8,4.52035E-006,2.50329,1.80764,3.71168E-006
-2.8,5.29832E-006,2.50329,1.72079,4.26588E-006
-2.8,6.21017E-006,2.50329,1.6238,4.92972E-006
-2.8,0.000007279,2.50329,1.51457,5.72894E-006
-2.8,8.53168E-006,2.50329,1.39423,6.68167E-006
-2.8,0.00001,2.50329,1.26413,7.80984E-006
-2.9,0.0000001,2.50329,2.38586,1.11633E-006
-2.9,1.1721E-007,2.50329,2.37996,1.16114E-006
-2.9,1.37382E-007,2.50329,2.37355,7.74472E-007
-2.9,0.000000161,2.50329,2.36655,7.99361E-007
-2.9,1.88739E-007,2.50329,2.35938,8.25111E-007
-2.9,2.21222E-007,2.50329,2.35189,8.55051E-007
-2.9,2.59294E-007,2.50329,2.34374,8.87946E-007
-2.9,3.0392E-007,2.50329,2.33509,9.22263E-007
-2.9,3.56225E-007,2.50329,2.32524,9.56296E-007
-2.9,4.17532E-007,2.50329,2.31501,9.98818E-007
-2.9,4.8939E-007,2.50329,2.3034,1.04737E-006
-2.9,5.73615E-007,2.50329,2.29032,1.09473E-006
-2.9,6.72336E-007,2.50329,2.27577,1.21279E-006
-2.9,0.000000788,2.50329,2.25985,1.2285E-006
-2.9,9.23671E-007,2.50329,2.24128,1.3102E-006
-2.9,1.08264E-006,2.50329,2.22011,1.40938E-006
-2.9,0.000001269,2.50329,2.19604,1.52706E-006
-2.9,1.48735E-006,2.50329,2.16829,1.66522E-006
-2.9,1.74333E-006,2.50329,2.13639,1.82785E-006
-2.9,2.04336E-006,2.50329,2.0994,2.02458E-006
-2.9,0.000002395,2.50329,2.05542,2.25422E-006
-2.9,2.80722E-006,2.50329,2.00557,2.53352E-006
-2.9,3.29034E-006,2.50329,1.94721,2.86352E-006
-2.9,3.85662E-006,2.50329,1.88073,3.25937E-006
-2.9,4.52035E-006,2.50329,1.80421,3.72888E-006
-2.9,5.29832E-006,2.50329,1.71814,4.28906E-006
-2.9,6.21017E-006,2.50329,1.6211,4.95034E-006
-2.9,0.000007279,2.50329,1.51247,5.74276E-006
-2.9,8.53168E-006,2.50329,1.3924,6.69375E-006
-2.9,0.00001,2.50329,1.26296,7.82521E-006
-3,0.0000001,2.50329,2.38312,1.13483E-006
-3,1.1721E-007,2.50329,2.37702,1.17842E-006
-3,1.37382E-007,2.50329,2.37085,1.22187E-006
-3,0.000000161,2.50329,2.3642,1.26874E-006
-3,1.88739E-007,2.50329,2.3571,1.31672E-006
-3,2.21222E-007,2.50329,2.34819,1.36573E-006
-3,2.59294E-007,2.50329,2.34169,1.42426E-006
-3,3.0392E-007,2.50329,2.33082,1.48452E-006
-3,3.56225E-007,2.50329,2.32281,9.68757E-007
-3,4.17532E-007,2.50329,2.3121,1.01031E-006
-3,4.8939E-007,2.50329,2.30059,1.05766E-006
-3,5.73615E-007,2.50329,2.28751,1.10875E-006
-3,6.72336E-007,2.50329,2.27305,1.23343E-006
-3,0.000000788,2.50329,2.25533,1.23786E-006
-3,9.23671E-007,2.50329,2.2383,1.32329E-006
-3,1.08264E-006,2.50329,2.21653,1.42181E-006
-3,0.000001269,2.50329,2.19283,1.5405E-006
-3,1.48735E-006,2.50329,2.16542,1.68005E-006
-3,1.74333E-006,2.50329,2.13328,1.84635E-006
-3,2.04336E-006,2.50329,2.0957,2.03965E-006
-3,0.000002395,2.50329,2.0525,2.27317E-006
-3,2.80722E-006,2.50329,2.00232,2.54941E-006
-3,3.29034E-006,2.50329,1.94445,2.88314E-006
-3,3.85662E-006,2.50329,1.87753,3.27684E-006
-3,4.52035E-006,2.50329,1.80173,3.74993E-006
-3,5.29832E-006,2.50329,1.71579,4.30615E-006
-3,6.21017E-006,2.50329,1.61939,4.96653E-006
-3,0.000007279,2.50329,1.51075,5.76127E-006
-3,8.53168E-006,2.50329,1.39094,6.71028E-006
-3,0.00001,2.50329,1.26159,7.83668E-006
-3.1,0.0000001,2.50329,2.38006,1.15083E-006
-3.1,1.1721E-007,2.50329,2.37447,1.19562E-006
-3.1,1.37382E-007,2.50329,2.36813,1.2397E-006
-3.1,0.000000161,2.50329,2.3617,1.28477E-006
-3.1,1.88739E-007,2.50329,2.3547,1.33324E-006
-3.1,2.21222E-007,2.50329,2.34671,1.38687E-006
-3.1,2.59294E-007,2.50329,2.33857,1.44518E-006
-3.1,3.0392E-007,2.50329,2.32876,1.50373E-006
-3.1,3.56225E-007,2.50329,2.31995,1.57379E-006
-3.1,4.17532E-007,2.50329,2.30943,1.64708E-006
-3.1,4.8939E-007,2.50329,2.29763,1.73052E-006
-3.1,5.73615E-007,2.50329,2.28457,1.82223E-006
-3.1,6.72336E-007,2.50329,2.27011,1.92915E-006
-3.1,0.000000788,2.50329,2.25377,1.26456E-006
-3.1,9.23671E-007,2.50329,2.23372,1.33116E-006
-3.1,1.08264E-006,2.50329,2.214,1.43693E-006
-3.1,0.000001269,2.50329,2.18986,1.55773E-006
-3.1,1.48735E-006,2.50329,2.16196,1.69579E-006
-3.1,1.74333E-006,2.50329,2.1301,1.86129E-006
-3.1,2.04336E-006,2.50329,2.09291,2.05683E-006
-3.1,0.000002395,2.50329,2.0492,2.28872E-006
-3.1,2.80722E-006,2.50329,1.99948,2.56787E-006
-3.1,3.29034E-006,2.50329,1.94173,2.89949E-006
-3.1,3.85662E-006,2.50329,1.87515,3.29457E-006
-3.1,4.52035E-006,2.50329,1.79923,0.000003765
-3.1,5.29832E-006,2.50329,1.7133,4.31779E-006
-3.1,6.21017E-006,2.50329,1.61703,0.000004982
-3.1,0.000007279,2.50329,1.50891,5.77643E-006
-3.1,8.53168E-006,2.50329,1.38907,0.000006722
-3.1,0.00001,2.50329,1.2601,7.8525E-006
-3.2,0.0000001,2.50329,2.35519,1.10581E-006
-3.2,1.1721E-007,2.50329,2.35519,1.1644E-006
-3.2,1.37382E-007,2.50329,2.35519,1.22714E-006
-3.2,0.000000161,2.50329,2.35519,1.29005E-006
-3.2,1.88739E-007,2.50329,2.3522,1.35035E-006
-3.2,2.21222E-007,2.50329,2.34434,1.40466E-006
-3.2,2.59294E-007,2.50329,2.33498,1.45561E-006
-3.2,3.0392E-007,2.50329,2.32708,1.52117E-006
-3.2,3.56225E-007,2.50329,2.31747,1.58935E-006
-3.2,4.17532E-007,2.50329,2.30676,1.66435E-006
-3.2,4.8939E-007,2.50329,2.29463,1.74841E-006
-3.2,5.73615E-007,2.50329,2.28192,1.84237E-006
-3.2,6.72336E-007,2.50329,2.26694,1.94622E-006
-3.2,0.000000788,2.50329,2.25105,2.07569E-006
-3.2,9.23671E-007,2.50329,2.23216,0.000002219
-3.2,1.08264E-006,2.50329,2.21152,0.000002384
-3.2,0.000001269,2.50329,2.18712,1.57091E-006
-3.2,1.48735E-006,2.50329,2.15941,1.71057E-006
-3.2,1.74333E-006,2.50329,2.12692,1.87436E-006
-3.2,2.04336E-006,2.50329,2.08996,2.07161E-006
-3.2,0.000002395,2.50329,2.04671,2.30413E-006
-3.2,2.80722E-006,2.50329,1.99668,2.58375E-006
-3.2,3.29034E-006,2.50329,1.93898,2.91534E-006
-3.2,3.85662E-006,2.50329,1.87254,3.31091E-006
-3.2,4.52035E-006,2.50329,1.79761,3.78016E-006
-3.2,5.29832E-006,2.50329,1.71186,4.33524E-006
-3.2,6.21017E-006,2.50329,1.6156,4.99375E-006
-3.2,0.000007279,2.50329,1.50721,5.78912E-006
-3.2,8.53168E-006,2.50329,1.3876,6.73826E-006
-3.2,0.00001,2.50329,1.25855,7.86739E-006
-3.3,0.0000001,2.50329,2.329,1.0687E-006
-3.3,1.1721E-007,2.50329,2.329,1.12409E-006
-3.3,1.37382E-007,2.50329,2.329,1.18666E-006
-3.3,0.000000161,2.50329,2.329,1.25081E-006
-3.3,1.88739E-007,2.50329,2.329,1.31477E-006
-3.3,2.21222E-007,2.50329,2.329,1.38887E-006
-3.3,2.59294E-007,2.50329,2.329,1.46688E-006
-3.3,3.0392E-007,2.50329,2.32408,0.000001541
-3.3,3.56225E-007,2.50329,2.31515,1.60742E-006
-3.3,4.17532E-007,2.50329,2.30397,1.68327E-006
-3.3,4.8939E-007,2.50329,2.29246,1.7668E-006
-3.3,5.73615E-007,2.50329,2.27938,1.86133E-006
-3.3,6.72336E-007,2.50329,2.26483,1.96814E-006
-3.3,0.000000788,2.50329,2.24826,2.09486E-006
-3.3,9.23671E-007,2.50329,2.22989,2.23691E-006
-3.3,1.08264E-006,2.50329,2.20862,2.40733E-006
-3.3,0.000001269,2.50329,2.18427,2.60246E-006
-3.3,1.48735E-006,2.50329,2.15659,2.83145E-006
-3.3,1.74333E-006,2.50329,2.12414,1.88686E-006
-3.3,2.04336E-006,2.50329,2.08723,2.08532E-006
-3.3,0.000002395,2.50329,2.0438,2.31867E-006
-3.3,2.80722E-006,2.50329,1.99407,2.59878E-006
-3.3,3.29034E-006,2.50329,1.93657,0.000002931
-3.3,3.85662E-006,2.50329,1.87025,0.000003324
-3.3,4.52035E-006,2.50329,1.79509,3.79332E-006
-3.3,5.29832E-006,2.50329,1.70999,4.34525E-006
-3.3,6.21017E-006,2.50329,1.61394,5.00752E-006
-3.3,0.000007279,2.50329,1.50573,5.8038E-006
-3.3,8.53168E-006,2.50329,1.38615,6.75048E-006
-3.3,0.00001,2.50329,1.25567,7.86952E-006
-3.4,0.0000001,2.50329,2.30229,1.03518E-006
-3.4,1.1721E-007,2.50329,2.30229,1.09251E-006
-3.4,1.37382E-007,2.50329,2.30229,1.15359E-006
-3.4,0.000000161,2.50329,2.30229,1.21652E-006
-3.4,1.88739E-007,2.50329,2.30229,1.28241E-006
-3.4,2.21222E-007,2.50329,2.30229,1.35161E-006
-3.4,2.59294E-007,2.50329,2.30229,1.42842E-006
-3.4,3.0392E-007,2.50329,2.30229,1.50978E-006
-3.4,3.56225E-007,2.50329,2.30229,0.0000016
-3.4,4.17532E-007,2.50329,2.30219,1.69825E-006
-3.4,4.8939E-007,2.50329,2.28944,1.78079E-006
-3.4,5.73615E-007,2.50329,2.27681,1.87723E-006
-3.4,6.72336E-007,2.50329,2.26204,1.9873E-006
-3.4,0.000000788,2.50329,2.24642,2.11052E-006
-3.4,9.23671E-007,2.50329,2.22776,2.25459E-006
-3.4,1.08264E-006,2.50329,2.20616,2.42585E-006
-3.4,0.000001269,2.50329,2.18182,2.62159E-006
-3.4,1.48735E-006,2.50329,2.15401,2.85407E-006
-3.4,1.74333E-006,2.50329,2.12217,3.12151E-006
-3.4,2.04336E-006,2.50329,2.08449,2.0984E-006
-3.4,0.000002395,2.50329,2.0416,2.33288E-006
-3.4,2.80722E-006,2.50329,1.99142,2.61066E-006
-3.4,3.29034E-006,2.50329,1.93415,2.94406E-006
-3.4,3.85662E-006,2.50329,1.86835,0.000003336
-3.4,4.52035E-006,2.50329,1.79345,3.80482E-006
-3.4,5.29832E-006,2.50329,1.70867,4.35788E-006
-3.4,6.21017E-006,2.50329,1.61263,5.02131E-006
-3.4,0.000007279,2.50329,1.5048,5.81793E-006
-3.4,8.53168E-006,2.50329,1.38492,6.76441E-006
-3.4,0.00001,2.50329,1.25133,7.8673E-006
-3.5,0.0000001,2.50329,2.27713,1.00258E-006
-3.5,1.1721E-007,2.50329,2.27713,1.06223E-006
-3.5,1.37382E-007,2.50329,2.27713,1.12345E-006
-3.5,0.000000161,2.50329,2.27713,1.18744E-006
-3.5,1.88739E-007,2.50329,2.27713,1.25359E-006
-3.5,2.21222E-007,2.50329,2.27713,1.32543E-006
-3.5,2.59294E-007,2.50329,2.27713,1.40143E-006
-3.5,3.0392E-007,2.50329,2.27713,1.48268E-006
-3.5,3.56225E-007,2.50329,2.27713,1.57245E-006
-3.5,4.17532E-007,2.50329,2.27713,1.67063E-006
-3.5,4.8939E-007,2.50329,2.27713,0.00000178
-3.5,5.73615E-007,2.50329,2.27462,1.89511E-006
-3.5,6.72336E-007,2.50329,2.25988,2.00545E-006
-3.5,0.000000788,2.50329,2.24365,2.13085E-006
-3.5,9.23671E-007,2.50329,2.22507,0.000002279
-3.5,1.08264E-006,2.50329,2.204,2.44488E-006
-3.5,0.000001269,2.50329,2.17967,2.64314E-006
-3.5,1.48735E-006,2.50329,2.15163,0.000002874
-3.5,1.74333E-006,2.50329,2.11963,0.00000314
-3.5,2.04336E-006,2.50329,2.08178,3.45578E-006
-3.5,0.000002395,2.50329,2.03907,2.34591E-006
-3.5,2.80722E-006,2.50329,1.98954,2.62611E-006
-3.5,3.29034E-006,2.50329,1.93237,2.95591E-006
-3.5,3.85662E-006,2.50329,1.86685,3.35094E-006
-3.5,4.52035E-006,2.50329,1.79151,3.81523E-006
-3.5,5.29832E-006,2.50329,1.70679,4.37048E-006
-3.5,6.21017E-006,2.50329,1.61102,5.03286E-006
-3.5,0.000007279,2.50329,1.503,5.82851E-006
-3.5,8.53168E-006,2.50329,1.38157,6.7683E-006
-3.5,0.00001,2.50329,1.2477,7.87112E-006
