Measurement report of dcv_sheet_total_v2,,,,,,
Generated by DesCoVer 2.6.0,,,,,,
Date,2017-03-04 03:19:41 -0600,Author,b48923,,,
,,,,,,
,,,,,,
Testbench: LIB: esd_sm8mvLib - CELL: wunchbell_patrice - VIEW: schematic_total - Sat Mar 04 03:19:44 CST 2017,,,,,,
,,,,,,
,,,,,,
Setup: Parameters or device casing alteration,,,,,,
Err:510,,,,,,
risetime=1n start=45u ,,,,,,
,,,,,,
,,,,,,
amplitude,length,time,vin,v2p5,vclamp9,v1p0
-20,0.000001,0,1.26866E-005,7.24522E-006,0.0936817,2.20166E-006
-20,0.000001,4.59519E-011,9.85806E-005,0.000201984,0.0937398,3.62654E-005
-20,0.000001,5.82706E-011,0.000125465,0.000261749,0.0937571,4.54458E-005
-20,0.000001,8.2908E-011,0.000186422,0.000393058,0.0937951,6.37919E-005
-20,0.000001,1.15401E-010,0.000287295,0.000593125,0.0938547,8.76924E-005
-20,0.000001,1.45083E-010,0.000397805,0.000789559,0.0939175,0.00010893
-20,0.000001,1.99919E-010,0.000642616,0.00114871,0.0940511,0.000146571
-20,0.000001,2.91633E-010,0.00115289,0.00164874,0.0943173,0.000205312
-20,0.000001,3.65612E-010,0.00164278,0.00191119,0.0945644,0.000248839
-20,0.000001,4.38602E-010,0.00218228,0.00202936,0.094831,0.000288315
-20,0.000001,5.07578E-010,0.00273588,0.00202276,0.0951008,0.000322448
-20,0.000001,5.81444E-010,0.00336898,0.00191122,0.0954065,0.000355871
-20,0.000001,6.62453E-010,0.00410418,0.00169816,0.0957592,0.000389263
-20,0.000001,7.55947E-010,0.00499748,0.0013822,0.0961856,0.000424416
-20,0.000001,8.68207E-010,0.00612173,0.000970831,0.0967209,0.000463475
-20,0.000001,0.000000001,0.00770337,0.000465428,0.0974728,0.000513357
-20,0.000001,1.15998E-009,0.00922814,0.000108604,0.0981971,0.000559303
-20,0.000001,1.3389E-009,0.0112158,-0.000155421,0.0991398,0.000619162
-20,0.000001,1.49237E-009,0.0129495,-0.000234572,0.0999599,0.000672162
-20,0.000001,1.65233E-009,0.0147736,-0.000221029,0.100819,0.000728481
-20,0.000001,1.81995E-009,0.0166966,-0.000154959,0.101721,0.00078774
-20,0.000001,0.000000002,0.0190358,-6.41768E-005,0.10281,0.000858487
-20,0.000001,2.30814E-009,0.0223322,1.98674E-005,0.104333,0.000954205
-20,0.000001,2.73811E-009,0.0273202,4.22998E-005,0.106612,0.00108982
-20,0.000001,3.06385E-009,0.0311099,1.90792E-005,0.108327,0.00118675
-20,0.000001,3.44337E-009,0.0355337,2.59767E-006,0.110311,0.00129558
-20,0.000001,0.000000004,0.0418964,6.27683E-006,0.113136,0.00144484
-20,0.000001,4.6026E-009,0.0490834,0.0000165,0.116288,0.00160431
-20,0.000001,5.37926E-009,0.0581868,1.82457E-005,0.120227,0.00179379
-20,0.000001,6.93258E-009,0.0764455,2.30379E-005,0.12797,0.00214043
-20,0.000001,8.52295E-009,0.0952026,3.19002E-005,0.135736,0.00245917
-20,0.000001,1.12192E-008,0.127116,4.11004E-005,0.148584,0.00293473
-20,0.000001,1.66118E-008,0.191262,6.39214E-005,0.173191,0.00369243
-20,0.000001,2.44384E-008,0.284887,9.21749E-005,0.206042,0.00436684
-20,0.000001,3.99275E-008,0.470734,0.000146653,0.262766,0.00458226
-20,0.000001,0.000000053,0.627445,0.000188167,0.305713,0.00408385
-20,0.000001,7.01389E-008,0.834102,0.000238632,0.359251,0.00318233
-20,0.000001,8.63153E-008,1.02853,0.000285693,0.405479,0.00180255
-20,0.000001,1.05066E-007,1.25364,0.000332107,0.448503,-0.00119212
-20,0.000001,1.23689E-007,1.47696,0.000381673,0.468619,-0.0070019
-20,0.000001,1.45527E-007,1.7388,0.000427881,0.454355,-0.0162174
-20,0.000001,1.5023E-007,1.79528,0.00044577,0.446592,-0.0180807
-20,0.000001,1.59636E-007,1.90802,0.000456876,0.425952,-0.0217454
-20,0.000001,1.69782E-007,2.02972,0.000489562,0.396133,-0.0257218
-20,0.000001,1.79357E-007,2.14444,0.000497912,0.360751,-0.0296972
-20,0.000001,1.91865E-007,2.29444,0.000536546,0.304383,-0.0355061
-20,0.000001,2.05714E-007,2.46043,0.00055124,0.229375,-0.0428263
-20,0.000001,2.22815E-007,2.66552,0.000598491,0.120624,-0.0530895
-20,0.000001,2.4442E-007,2.92458,0.000625386,-0.0371268,-0.0642769
-20,0.000001,2.50801E-007,3.00115,0.000651852,-0.086904,-0.0653661
-20,0.000001,2.63561E-007,3.15419,0.000659706,-0.188677,-0.0650224
-20,0.000001,2.6793E-007,3.20664,0.00068322,-0.223795,-0.0650872
-20,0.000001,2.76668E-007,3.31146,0.000683183,-0.293363,-0.0633114
-20,0.000001,0.000000291,3.48369,0.000723772,-0.401271,-0.0566369
-20,0.000001,2.96832E-007,3.55365,0.000718536,-0.439604,-0.0537029
-20,0.000001,3.08472E-007,3.69376,0.000753417,-0.497322,-0.0492753
-20,0.000001,3.26865E-007,3.9148,0.000770089,-0.54683,-0.0424722
-20,0.000001,3.31741E-007,3.9733,0.000791747,-0.554532,-0.0407897
-20,0.000001,3.41495E-007,4.09035,0.000795118,-0.567268,-0.0375013
-20,0.000001,3.56304E-007,4.268,0.000831536,-0.580042,-0.0328691
-20,0.000001,3.59592E-007,4.30742,0.00082607,-0.582007,-0.0318795
-20,0.000001,3.61236E-007,4.32708,0.000836222,-0.582861,-0.0314127
-20,0.000001,3.64524E-007,4.36642,0.000837382,-0.584182,-0.0304857
-20,0.000001,3.65432E-007,4.37728,0.000839384,-0.584458,-0.0302794
-20,0.000001,3.67249E-007,4.39901,0.00084503,-0.584718,-0.0301801
-20,0.000001,0.000000368,4.40841,0.000844954,-0.584656,-0.0304589
-20,0.000001,3.68425E-007,4.41313,0.000850036,-0.584531,-0.0307392
-20,0.000001,3.68892E-007,4.4188,0.000872962,-0.584223,-0.0311987
-20,0.000001,3.69268E-007,4.42343,0.000930447,-0.583724,-0.0314543
-20,0.000001,3.69652E-007,4.42825,0.000884766,-0.582896,-0.0312392
-20,0.000001,3.69762E-007,4.42964,0.000837482,-0.582583,-0.0309881
-20,0.000001,0.00000037,4.43247,0.000678964,-0.581811,-0.0295018
-20,0.000001,3.70176E-007,4.43493,0.00066963,-0.581065,-0.0274123
-20,0.000001,3.70242E-007,4.43575,0.000713256,-0.580818,-0.0266941
-20,0.000001,3.70375E-007,4.43738,0.000822328,-0.580324,-0.0253842
-20,0.000001,3.70545E-007,4.43942,0.00093563,-0.579715,-0.023991
-20,0.000001,3.70756E-007,4.44193,0.000964089,-0.578991,-0.0226486
-20,0.000001,0.000000371,4.44455,0.000897797,-0.578292,-0.0216374
-20,0.000001,3.71198E-007,4.44707,0.000819114,-0.577686,-0.0209858
-20,0.000001,3.71475E-007,4.45024,0.00078802,-0.577062,-0.0206028
-20,0.000001,3.71851E-007,4.45448,0.000831083,-0.5765,-0.0207562
-20,0.000001,3.72156E-007,4.4579,0.000868481,-0.576286,-0.0212834
-20,0.000001,3.72579E-007,4.46268,0.000863978,-0.576261,-0.0221662
-20,0.000001,3.73072E-007,4.46835,0.000847827,-0.576433,-0.0229684
-20,0.000001,3.73593E-007,4.4745,0.000853544,-0.576622,-0.0233441
-20,0.000001,3.74278E-007,4.48266,0.000858957,-0.576736,-0.0233864
-20,0.000001,3.75159E-007,4.49315,0.000851338,-0.576724,-0.023339
-20,0.000001,3.76315E-007,4.50683,0.000860114,-0.576627,-0.0234334
-20,0.000001,3.77539E-007,4.52129,0.000860157,-0.576428,-0.0234513
-20,0.000001,3.79554E-007,4.54508,0.000862438,-0.575752,-0.0231233
-20,0.000001,3.81738E-007,4.57077,0.000867641,-0.574588,-0.0226494
-20,0.000001,3.85157E-007,4.61081,0.000871178,-0.57194,-0.0217853
-20,0.000001,3.8965E-007,4.66312,0.000880483,-0.566523,-0.0202945
-20,0.000001,3.98363E-007,4.76342,0.000892442,-0.54816,-0.0161112
-20,0.000001,4.06139E-007,4.85152,0.00090592,-0.523514,-0.0117102
-20,0.000001,4.1267E-007,4.92474,0.000915969,-0.496193,-0.00886194
-20,0.000001,4.19639E-007,5.00327,0.000926456,-0.444985,-0.00604782
-20,0.000001,4.26605E-007,5.08895,0.000940122,-0.251683,0.000131603
-20,0.000001,4.32597E-007,5.15706,0.000943787,-0.0334814,0.00389025
-20,0.000001,4.37783E-007,5.22217,0.000960318,0.178548,0.00908901
-20,0.000001,4.42888E-007,5.28166,0.000956804,0.404218,0.0120501
-20,0.000001,0.000000444,5.2969,0.000976552,0.456399,0.0137931
-20,0.000001,4.44602E-007,5.30352,0.000950219,0.483016,0.0134805
-20,0.000001,4.44888E-007,5.30676,0.000972378,0.495815,0.0141259
-20,0.000001,4.45452E-007,5.31384,0.000966879,0.52221,0.0143174
-20,0.000001,4.45911E-007,5.31921,0.000967988,0.543216,0.0147477
-20,0.000001,4.46439E-007,5.32577,0.000966958,0.568008,0.0150848
-20,0.000001,4.47141E-007,5.33414,0.000972089,0.600511,0.0155581
-20,0.000001,0.000000448,5.34429,0.000969739,0.639354,0.0161554
-20,0.000001,4.49085E-007,5.3577,0.000974081,0.691489,0.0168473
-20,0.000001,4.50605E-007,5.37623,0.000975009,0.763106,0.0178889
-20,0.000001,4.52687E-007,5.40138,0.00097934,0.861179,0.0191145
-20,0.000001,4.55646E-007,5.43739,0.000982999,1.00158,0.0209153
-20,0.000001,4.5985E-007,5.48839,0.000990064,1.20194,0.0231164
-20,0.000001,4.61363E-007,5.50687,0.000991821,1.2745,0.0239566
-20,0.000001,4.64387E-007,5.54355,0.000997097,1.41927,0.0253373
-20,0.000001,4.65226E-007,5.55382,0.000997603,1.45954,0.0258042
-20,0.000001,4.66902E-007,5.57408,0.00100132,1.53934,0.0264698
-20,0.000001,4.68438E-007,5.59279,0.0010024,1.61229,0.0272112
-20,0.000001,4.68627E-007,5.59501,0.00100415,1.62108,0.0271993
-20,0.000001,0.000000469,5.59965,0.00100354,1.63901,0.0274433
-20,0.000001,4.69688E-007,5.60793,0.00100551,1.67139,0.0276348
-20,0.000001,4.70297E-007,5.61537,0.00100545,1.70031,0.0279641
-20,0.000001,4.71283E-007,5.62729,0.00100812,1.74674,0.028268
-20,0.000001,4.71776E-007,5.63329,0.00100771,1.76999,0.0285378
-20,0.000001,4.72761E-007,5.64518,0.00101034,1.81602,0.0288321
-20,0.000001,4.73888E-007,5.65884,0.00101111,1.86843,0.0293158
-20,0.000001,4.7426E-007,5.66331,0.00101259,1.88557,0.0293751
-20,0.000001,0.000000475,5.67235,0.00101289,1.91998,0.0296999
-20,0.000001,4.75752E-007,5.6814,0.00101492,1.95447,0.0298857
-20,0.000001,4.76762E-007,5.69365,0.00101561,2.00096,0.0302783
-20,0.000001,4.77722E-007,5.70529,0.00101798,2.04499,0.0305185
-20,0.000001,4.78462E-007,5.71429,0.00101831,2.07899,0.030806
-20,0.000001,4.79349E-007,5.72504,0.00102041,2.11963,0.0310181
-20,0.000001,4.80241E-007,5.73588,0.00102113,2.16056,0.0313406
-20,0.000001,4.8132E-007,5.74895,0.00102342,2.20985,0.0316013
-20,0.000001,4.82894E-007,5.76804,0.00102524,2.28158,0.032097
-20,0.000001,4.85197E-007,5.79594,0.0010294,2.38577,0.0326567
-20,0.000001,4.88339E-007,5.83401,0.00103364,2.52664,0.0334759
-20,0.000001,4.92554E-007,5.88504,0.00104071,2.7129,0.0343388
-20,0.000001,4.98409E-007,5.95591,0.00104907,2.96651,0.0354542
-20,0.000001,5.06572E-007,6.05462,0.00106199,3.30949,0.0365154
-20,0.000001,5.13522E-007,6.13864,0.00107192,3.59173,0.0372154
-20,0.000001,5.2389E-007,6.2639,0.00108806,3.99551,0.0377177
-20,0.000001,5.32486E-007,6.36774,0.0011003,4.31412,0.0378766
-20,0.000001,5.36784E-007,6.41963,0.0011072,4.46761,0.0377713
-20,0.000001,5.4538E-007,6.52338,0.00111947,4.76232,0.0375017
-20,0.000001,5.47531E-007,6.54933,0.00112252,4.83342,0.0373332
-20,0.000001,5.48607E-007,6.56232,0.0011249,4.86867,0.0373181
-20,0.000001,5.50758E-007,6.58826,0.00112549,4.93832,0.037136
-20,0.000001,5.51789E-007,6.60071,0.00112995,4.97143,0.0371158
-20,0.000001,5.53851E-007,6.62557,0.00112911,5.03688,0.0369283
-20,0.000001,0.000000558,6.67528,0.00113889,5.16542,0.0366512
-20,0.000001,5.59077E-007,6.68855,0.00113672,5.1992,0.0365064
-20,0.000001,5.61282E-007,6.71511,0.0011448,5.26629,0.0363418
-20,0.000001,5.62208E-007,6.72625,0.00114075,5.2942,0.0362071
-20,0.000001,5.6406E-007,6.74855,0.00114927,5.34979,0.0360619
-20,0.000001,5.67764E-007,6.79311,0.00114904,5.45945,0.035626
-20,0.000001,5.73181E-007,6.85821,0.00116229,5.6173,0.0350816
-20,0.000001,5.74836E-007,6.87808,0.00115967,5.66506,0.0348632
-20,0.000001,5.78145E-007,6.91784,0.00116857,5.76028,0.0345513
-20,0.000001,5.84764E-007,6.99731,0.00117391,5.94917,0.0338171
-20,0.000001,5.93517E-007,7.10236,0.00118973,6.19637,0.0329564
-20,0.000001,5.96537E-007,7.13857,0.00119074,6.28096,0.0326112
-20,0.000001,6.02575E-007,7.21101,0.00120194,6.44939,0.0320521
-20,0.000001,6.11617E-007,7.31943,0.00121212,6.69879,0.0311793
-20,0.000001,6.21096E-007,7.43309,0.00122787,6.95615,0.030631
-20,0.000001,6.24354E-007,7.47217,0.0012306,7.04341,0.030524
-20,0.000001,6.30868E-007,7.55041,0.00124168,7.21505,0.0308096
-20,0.000001,6.37779E-007,7.63364,0.00125077,7.38951,0.0316485
-20,0.000001,6.45272E-007,7.72439,0.00126372,7.56068,0.0333367
-20,0.000001,0.000000653,7.81792,0.00127315,7.70757,0.03572
-20,0.000001,0.000000661,7.91456,0.00128531,7.83363,0.0393197
-20,0.000001,6.68584E-007,8.00619,0.00129661,7.93987,0.045352
-20,0.000001,6.78832E-007,8.12907,0.00131267,8.074,0.0598433
-20,0.000001,6.81636E-007,8.1626,0.00131503,8.10946,0.0638179
-20,0.000001,0.000000683,8.17928,0.00131993,8.1269,0.0656167
-20,0.000001,6.85843E-007,8.21189,0.00131992,8.15906,0.068453
-20,0.000001,6.87898E-007,8.23449,0.00132622,8.17798,0.069923
-20,0.000001,6.89676E-007,8.25243,0.00132493,8.18807,0.0706709
-20,0.000001,6.91334E-007,8.26725,0.00132851,8.18967,0.0710296
-20,0.000001,6.92896E-007,8.27879,0.00132687,8.18115,0.0708909
-20,0.000001,6.94209E-007,8.286,0.00132634,8.16354,0.070529
-20,0.000001,6.95399E-007,8.29009,0.00132483,8.13629,0.0698911
-20,0.000001,6.96727E-007,8.29306,0.00132255,8.09311,0.0691557
-20,0.000001,6.97708E-007,8.29612,0.00132358,8.05603,0.0686431
-20,0.000001,6.98484E-007,8.30001,0.00132301,8.02725,0.0684159
-20,0.000001,6.99352E-007,8.30587,0.00132473,7.99812,0.0681969
-20,0.000001,7.00586E-007,8.31619,0.00132751,7.96461,0.0681095
-20,0.000001,7.01615E-007,8.32601,0.00133109,7.94403,0.0680569
-20,0.000001,7.02801E-007,8.33815,0.00133539,7.92797,0.0681056
-20,0.000001,7.0413E-007,8.35238,0.00134089,7.91783,0.0681125
-20,0.000001,7.05858E-007,8.37146,0.00134672,7.91387,0.0681999
-20,0.000001,7.08132E-007,8.397,0.00135383,7.91845,0.0682419
-20,0.000001,7.11164E-007,8.43117,0.00135945,7.93246,0.0683736
-20,0.000001,7.145E-007,8.46852,0.00136426,7.94948,0.0684817
-20,0.000001,0.000000718,8.50769,0.00136695,7.96449,0.0687318
-20,0.000001,7.22064E-007,8.55231,0.00137102,7.97725,0.0691125
-20,0.000001,7.27143E-007,8.60862,0.00137516,7.98985,0.0700061
-20,0.000001,7.28797E-007,8.62701,0.00137759,7.99353,0.0703605
-20,0.000001,7.32103E-007,8.66388,0.00138042,8.00073,0.0713342
-20,0.000001,7.33757E-007,8.68235,0.0013831,8.00417,0.0718724
-20,0.000001,7.34583E-007,8.69159,0.00138343,8.00589,0.0722112
-20,0.000001,7.36237E-007,8.71009,0.00138589,8.00916,0.0728573
-20,0.000001,7.37063E-007,8.71935,0.00138654,8.01079,0.0732512
-20,0.000001,7.38717E-007,8.73789,0.00138888,8.0139,0.074017
-20,0.000001,7.39543E-007,8.74716,0.0013896,8.01546,0.074474
-20,0.000001,7.41197E-007,8.76575,0.00139192,8.01855,0.0753713
-20,0.000001,7.44503E-007,8.80357,0.00139559,8.0283,0.0773169
-20,0.000001,7.45255E-007,8.81233,0.00139701,8.03146,0.0777395
-20,0.000001,7.46758E-007,8.82964,0.00139824,8.03808,0.0786508
-20,0.000001,7.48906E-007,8.85402,0.00140139,8.04614,0.0798851
-20,0.000001,7.52064E-007,8.88938,0.0014045,8.05318,0.0813067
-20,0.000001,7.55554E-007,8.92846,0.00140927,8.05663,0.0804147
-20,0.000001,7.56477E-007,8.93885,0.00140447,8.05733,0.0788769
-20,0.000001,7.58323E-007,8.95971,0.00141705,8.05897,0.0749528
-20,0.000001,7.61465E-007,8.99532,0.0014173,8.06241,0.0701567
-20,0.000001,7.6435E-007,9.02806,0.0014222,8.06561,0.0677773
-20,0.000001,7.70076E-007,9.09319,0.00143023,8.07116,0.0655054
-20,0.000001,7.78183E-007,9.1859,0.00143909,8.0779,0.0630953
-20,0.000001,7.8915E-007,9.31208,0.00145629,8.08605,0.0598836
-20,0.000001,8.02554E-007,9.46734,0.00147091,8.0941,0.0566779
-20,0.000001,8.14902E-007,9.61128,0.00149063,8.10018,0.0541711
-20,0.000001,8.21076E-007,9.68353,0.00149446,8.10275,0.0527863
-20,0.000001,8.24163E-007,9.71972,0.00150372,8.10395,0.0521143
-20,0.000001,8.30337E-007,9.79224,0.00150553,8.10611,0.050589
-20,0.000001,8.42685E-007,9.93779,0.00152778,8.10967,0.047116
-20,0.000001,8.46853E-007,9.98709,0.00152639,8.11053,0.0457073
-20,0.000001,8.55188E-007,10.086,0.00154391,8.11179,0.0427275
-20,0.000001,8.71859E-007,10.2852,0.00155784,8.1121,0.0361662
-20,0.000001,8.92205E-007,10.5305,0.00159009,8.1095,0.0285511
-20,0.000001,9.19824E-007,10.8655,0.00161677,8.10366,0.0199606
-20,0.000001,9.26689E-007,10.9488,0.0016321,8.10209,0.018228
-20,0.000001,9.4042E-007,11.1156,0.00164156,8.09883,0.0150864
-20,0.000001,9.47286E-007,11.199,0.0016567,8.09729,0.0139994
-20,0.000001,0.000000961,11.3657,0.00166597,8.09422,0.0132814
-20,0.000001,9.75319E-007,11.5392,0.00168966,8.09125,0.0129144
-20,0.000001,0.000000988,11.6935,0.00169683,8.08878,0.0120108
-20,0.000001,0.000000991,11.7297,0.00170531,8.08826,0.0120262
-20,0.000001,9.95516E-007,11.784,0.00170444,8.08742,0.0116955
-20,0.000001,0.000001,11.8383,0.0017136,8.08666,0.011456
-20,0.000001,0.000001001,11.8408,0.00140851,8.08291,0.011241
-20,0.000001,0.000001002,11.8421,0.00180153,8.07887,0.0111422
-20,0.000001,1.00308E-006,11.8428,0.00178377,8.07553,0.0111089
-20,0.000001,1.00384E-006,11.8436,0.00154096,8.07384,0.0110694
-20,0.000001,1.0046E-006,11.8443,0.00183326,8.07263,0.0110631
-20,0.000001,1.0055E-006,11.8451,0.00166907,8.07173,0.0110369
-20,0.000001,1.00691E-006,11.8463,0.00169443,8.07091,0.0109838
-20,0.000001,0.000001008,11.8472,0.00176595,8.07046,0.0109451
-20,0.000001,1.00915E-006,11.8481,0.00163575,8.06979,0.0108749
-20,0.000001,1.01057E-006,11.8491,0.00177015,8.06869,0.0107975
-20,0.000001,1.01246E-006,11.8503,0.00165376,8.06679,0.0106747
-20,0.000001,1.01623E-006,11.8527,0.00174683,8.06274,0.0104255
-20,0.000001,1.01959E-006,11.8547,0.00166638,8.05961,0.0101894
-20,0.000001,1.02066E-006,11.8553,0.00170718,8.05875,0.0101118
-20,0.000001,1.02279E-006,11.8565,0.00170347,8.0571,0.00995632
-20,0.000001,1.02532E-006,11.8578,0.00168465,8.05516,0.00976095
-20,0.000001,1.02793E-006,11.8591,0.00171254,8.05318,0.00956335
-20,0.000001,1.03175E-006,11.8609,0.0016725,8.05041,0.00926599
-20,0.000001,1.03679E-006,11.8631,0.00172098,8.0471,0.00888289
-20,0.000001,1.03908E-006,11.864,0.00173858,8.04571,0.00870758
-20,0.000001,1.04055E-006,11.8645,0.00191415,8.04484,0.00860175
-20,0.000001,1.04189E-006,11.865,0.00212894,8.04405,0.00850523
-20,0.000001,1.04334E-006,11.8655,0.00261933,8.04321,0.00840616
-20,0.000001,1.04458E-006,11.866,0.00322203,8.04249,0.00832296
-20,0.000001,1.04569E-006,11.8664,0.00383673,8.04186,0.00824558
-20,0.000001,1.04691E-006,11.8668,0.00455368,8.04117,0.00815784
-20,0.000001,1.0485E-006,11.8673,0.00533134,8.04032,0.00803574
-20,0.000001,1.0502E-006,11.8678,0.00592074,8.03946,0.00789877
-20,0.000001,1.05167E-006,11.8683,0.0061904,8.03875,0.00777709
-20,0.000001,1.05319E-006,11.8688,0.00634145,8.03804,0.00765451
-20,0.000001,1.05487E-006,11.8693,0.00637712,8.03729,0.00752453
-20,0.000001,1.0569E-006,11.8698,0.006362,8.03641,0.00737497
-20,0.000001,1.05938E-006,11.8705,0.00636334,8.03537,0.00720425
-20,0.000001,0.000001063,11.8714,0.00655498,8.0339,0.00697266
-20,0.000001,1.06763E-006,11.8725,0.00720152,8.03214,0.00669686
-20,0.000001,1.07247E-006,11.8736,0.00828123,8.03046,0.006423
-20,0.000001,1.07746E-006,11.8746,0.00969158,8.02886,0.00615461
-20,0.000001,1.0832E-006,11.8756,0.0115704,8.02718,0.0058607
-20,0.000001,1.09075E-006,11.8768,0.014314,8.02522,0.00550114
-20,0.000001,1.10022E-006,11.8781,0.0181185,8.02308,0.00509225
-20,0.000001,1.11439E-006,11.8796,0.0244815,8.02046,0.00457601
-20,0.000001,1.13083E-006,11.881,0.032821,8.01812,0.00412579
-20,0.000001,1.14972E-006,11.8822,0.0432863,8.01613,0.00380125
-20,0.000001,1.16552E-006,11.8829,0.0524883,8.0149,0.00367368
-20,0.000001,1.1841E-006,11.8835,0.0636371,8.01381,0.00366718
-20,0.000001,1.21058E-006,11.8841,0.080025,8.01275,0.0038606
-20,0.000001,1.21776E-006,11.8842,0.0844957,8.01254,0.00394238
-20,0.000001,1.22135E-006,11.8843,0.0868134,8.01242,0.00398817
-20,0.000001,1.22853E-006,11.8844,0.0912786,8.01215,0.00408382
-20,0.000001,1.23094E-006,11.8844,0.092893,8.01201,0.0041245
-20,0.000001,1.23574E-006,11.8844,0.0958371,8.01173,0.00422317
-20,0.000001,1.2421E-006,11.8845,0.1,8.01132,0.00460888
-20,0.000001,1.25192E-006,11.8845,0.106179,8.00991,0.00756985
-20,0.000001,1.25509E-006,11.8845,0.108339,8.00941,0.00950805
-20,0.000001,1.26143E-006,11.8846,0.112326,8.00902,0.0149597
-20,0.000001,0.000001264,11.8846,0.114084,8.00896,0.0176105
-20,0.000001,0.000001269,11.8846,0.117275,8.00877,0.0232766
-20,0.000001,1.27561E-006,11.8847,0.121679,8.0085,0.0309951
-20,0.000001,1.28433E-006,11.8847,0.127321,8.0082,0.0413671
-20,0.000001,1.29521E-006,11.8848,0.134622,8.00778,0.0543292
-20,0.000001,0.000001317,11.8849,0.149205,8.007,0.08063
-20,0.000001,1.35272E-006,11.8849,0.174378,8.00571,0.126023
-20,0.000001,1.36471E-006,11.8849,0.183013,8.00527,0.142003
-20,0.000001,1.3887E-006,11.885,0.201153,8.00439,0.17528
-20,0.000001,1.39467E-006,11.885,0.205712,8.00416,0.183867
-20,0.000001,1.40662E-006,11.885,0.215276,8.00371,0.201417
-20,0.000001,1.41116E-006,11.885,0.218914,8.00353,0.20824
-20,0.000001,1.42026E-006,11.885,0.226535,8.00318,0.222118
-20,0.000001,1.43014E-006,11.885,0.234992,8.00279,0.237543
-20,0.000001,1.43194E-006,11.885,0.23662,8.00272,0.240399
-20,0.000001,1.43555E-006,11.885,0.23982,8.00259,0.246149
-20,0.000001,1.44277E-006,11.885,0.246451,8.00232,0.25778
-20,0.000001,1.44829E-006,11.885,0.251691,8.0021,0.266807
-20,0.000001,1.4564E-006,11.885,0.259731,8.00177,0.280243
-20,0.000001,0.000001465,11.885,0.268673,8.00143,0.294696
-20,0.000001,1.46868E-006,11.885,0.272652,8.00128,0.301039
-20,0.000001,1.47611E-006,11.885,0.280737,8.00096,0.313932
-20,0.000001,1.47879E-006,11.885,0.283662,8.00085,0.318651
-20,0.000001,1.48415E-006,11.885,0.289652,8.00062,0.328195
-20,0.000001,0.000001494,11.885,0.300932,8.00019,0.345922
-20,0.000001,1.50492E-006,11.885,0.31423,7.9997,0.366002
-20,0.000001,1.51857E-006,11.8849,0.331538,7.9991,0.391082
-20,0.000001,1.53741E-006,11.8849,0.356439,7.99831,0.424918
-20,0.000001,1.5564E-006,11.8849,0.382185,7.99761,0.456632
-20,0.000001,1.57988E-006,11.885,0.414644,7.99698,0.49121
-20,0.000001,0.000001587,11.885,0.424496,7.99685,0.500634
-20,0.000001,1.60116E-006,11.885,0.444354,7.99671,0.518214
-20,0.000001,1.61272E-006,11.885,0.460525,7.99661,0.531168
-20,0.000001,1.62675E-006,11.885,0.480255,7.99634,0.545221
-20,0.000001,1.63969E-006,11.885,0.498443,7.99622,0.556628
-20,0.000001,1.65149E-006,11.885,0.515077,7.99624,0.565881
-20,0.000001,0.000001655,11.885,0.519952,7.99621,0.568429
-20,0.000001,1.66193E-006,11.885,0.529788,7.9962,0.573304
-20,0.000001,0.000001673,11.885,0.545406,7.99619,0.580517
-20,0.000001,1.69007E-006,11.885,0.569436,7.99616,0.590434
-20,0.000001,1.72415E-006,11.885,0.617379,7.99613,0.606983
-20,0.000001,1.78133E-006,11.885,0.697716,7.99608,0.627906
-20,0.000001,1.86229E-006,11.885,0.8107,7.996,0.648573
-20,0.000001,1.87956E-006,11.885,0.834723,7.99594,0.651982
-20,0.000001,1.9141E-006,11.885,0.88254,7.99574,0.658183
-20,0.000001,1.92372E-006,11.8849,0.895848,7.99566,0.659842
-20,0.000001,0.000001943,11.8849,0.922359,7.99549,0.663175
-20,0.000001,1.97488E-006,11.8849,0.966262,7.9952,0.669025
-20,0.000001,1.98388E-006,11.8849,0.978556,7.99511,0.670777
-20,0.000001,2.00187E-006,11.8849,1.00317,7.99492,0.674456
-20,0.000001,2.03785E-006,11.8849,1.05206,7.99453,0.682609
-20,0.000001,2.09909E-006,11.8849,1.13433,7.99384,0.698924
-20,0.000001,2.21938E-006,11.8849,1.2905,7.99247,0.737835
-20,0.000001,2.37446E-006,11.8849,1.47806,7.99073,0.794549
-20,0.000001,2.5066E-006,11.8849,1.62472,7.98916,0.843227
-20,0.000001,2.6119E-006,11.8848,1.73419,7.98783,0.879603
-20,0.000001,2.75317E-006,11.8848,1.87225,7.98605,0.922084
-20,0.000001,2.87474E-006,11.8848,1.98294,7.98455,0.951569
-20,0.000001,3.0301E-006,11.8848,2.11178,7.98265,0.979375
-20,0.000001,3.20368E-006,11.8848,2.23661,7.98049,0.999285
-20,0.000001,3.4605E-006,11.8848,2.38019,7.97714,1.01432
-20,0.000001,3.51166E-006,11.8848,2.4028,7.97645,1.01582
-20,0.000001,0.000003614,11.8848,2.44174,7.97504,1.01803
-20,0.000001,3.72134E-006,11.8848,2.47407,7.97353,1.01952
-20,0.000001,3.8434E-006,11.8848,2.50221,7.97179,1.02056
-20,0.000001,3.94483E-006,11.8848,2.52116,7.97032,1.02111
-20,0.000001,4.03239E-006,11.8848,2.53538,7.96904,1.02144
-20,0.000001,4.12256E-006,11.8848,2.54806,7.96769,1.02169
-20,0.000001,4.23953E-006,11.8848,2.56148,7.96586,1.02193
-20,0.000001,4.34739E-006,11.8848,2.57165,7.96396,1.02211
-20,0.000001,4.54416E-006,11.8848,2.58622,7.95963,1.02239
-20,0.000001,4.70131E-006,11.8847,2.59483,7.9538,1.02269
-20,0.000001,4.74091E-006,11.8846,2.59662,7.95072,1.02282
-20,0.000001,4.78075E-006,11.8845,2.59842,7.94446,1.02309
-20,0.000001,4.80982E-006,11.8842,2.59971,7.9356,1.02345
-20,0.000001,4.81847E-006,11.8841,2.60014,7.93193,1.0236
-20,0.000001,4.82669E-006,11.884,2.60049,7.92821,1.02375
-20,0.000001,4.83029E-006,11.884,2.6007,7.9266,1.02382
-20,0.000001,4.83373E-006,11.884,2.60083,7.92523,1.02388
-20,0.000001,4.83636E-006,11.884,2.601,7.92476,1.02391
-20,0.000001,4.83908E-006,11.8841,2.6011,7.92512,1.02393
-20,0.000001,4.84165E-006,11.8842,2.60125,7.92604,1.02392
-20,0.000001,4.8445E-006,11.8843,2.60136,7.92713,1.02391
-20,0.000001,4.8476E-006,11.8844,2.60153,7.92831,1.02387
-20,0.000001,4.84945E-006,11.8845,2.6016,7.92933,1.02384
-20,0.000001,4.85168E-006,11.8847,2.60171,7.93114,1.02379
-20,0.000001,4.85432E-006,11.8848,2.60183,7.93323,1.02373
-20,0.000001,4.85673E-006,11.8848,2.60194,7.93435,1.02368
-20,0.000001,4.85938E-006,11.8848,2.60205,7.93491,1.02363
-20,0.000001,4.86383E-006,11.8848,2.60225,7.9358,1.02356
-20,0.000001,4.86869E-006,11.8849,2.60247,7.93733,1.02348
-20,0.000001,4.87843E-006,11.885,2.60289,7.94029,1.02334
-20,0.000001,4.88824E-006,11.8851,2.60331,7.94277,1.02321
-20,0.000001,4.90458E-006,11.8852,2.60392,7.94658,1.02302
-20,0.000001,4.92323E-006,11.8852,2.6045,7.94973,1.02286
-20,0.000001,4.95527E-006,11.8852,2.60522,7.95312,1.0227
-20,0.000001,4.98469E-006,11.8851,2.60566,7.95489,1.02262
-20,0.000001,5.02163E-006,11.885,2.60609,7.95623,1.02256
-20,0.000001,5.06268E-006,11.8849,2.60665,7.95723,1.02253
-20,0.000001,5.11525E-006,11.8849,2.60761,7.95811,1.0225
-20,0.000001,5.17533E-006,11.8849,2.60894,7.95892,1.02247
-20,0.000001,5.25019E-006,11.8849,2.61045,7.95977,1.02244
-20,0.000001,5.36376E-006,11.8849,2.61199,7.96101,1.02238
-20,0.000001,5.45552E-006,11.8849,2.61275,7.96195,1.02234
-20,0.000001,5.58212E-006,11.8849,2.61373,7.96323,1.02228
-20,0.000001,5.72912E-006,11.8849,2.61465,7.96464,1.02221
-20,0.000001,5.90377E-006,11.8849,2.6152,7.96624,1.02213
-20,0.000001,6.12187E-006,11.8849,2.61545,7.96811,1.02204
-20,0.000001,6.47037E-006,11.8849,2.61538,7.97083,1.02191
-20,0.000001,6.80017E-006,11.8849,2.61479,7.97311,1.0218
-20,0.000001,7.34124E-006,11.8849,2.61358,7.97632,1.02165
-20,0.000001,8.13463E-006,11.8849,2.61147,7.97996,1.02147
-20,0.000001,9.16075E-006,11.8849,2.60871,7.98322,1.02131
-20,0.000001,1.06536E-005,11.8849,2.60467,7.98585,1.02118
-20,0.000001,1.22536E-005,11.8849,2.59999,7.98689,1.02113
-20,0.000001,1.26536E-005,11.8849,2.59874,7.98696,1.02112
-20,0.000001,1.34536E-005,11.8849,2.596,7.98702,1.02111
-20,0.000001,1.47982E-005,11.8849,2.59069,7.98705,1.0211
-20,0.000001,1.62046E-005,11.8849,2.58359,7.9871,1.02108
-20,0.000001,1.71359E-005,11.8849,2.57753,7.98713,1.02106
-20,0.000001,1.77792E-005,11.8849,2.57234,7.98718,1.02102
-20,0.000001,1.82662E-005,11.8849,2.56775,7.98722,1.02097
-20,0.000001,1.86418E-005,11.8849,2.56387,7.98728,1.02092
-20,0.000001,1.89289E-005,11.8849,2.56097,7.98733,1.02084
-20,0.000001,1.91497E-005,11.8849,2.55917,7.98741,1.02075
-20,0.000001,1.93209E-005,11.8849,2.55823,7.98749,1.02064
-20,0.000001,1.94558E-005,11.8849,2.55787,7.98759,1.0205
-20,0.000001,1.96061E-005,11.885,2.55776,7.98775,1.02027
-20,0.000001,1.97131E-005,11.885,2.55788,7.98793,1.02003
-20,0.000001,1.97958E-005,11.885,2.55805,7.9881,1.01977
-20,0.000001,1.98628E-005,11.885,2.55826,7.98825,1.01952
-20,0.000001,1.98963E-005,11.885,2.55838,7.98831,1.01938
-20,0.000001,1.99258E-005,11.885,2.55851,7.98836,1.01925
-20,0.000001,1.99574E-005,11.885,2.55864,7.9884,1.01912
-20,0.000001,1.99849E-005,11.885,2.55878,7.98843,1.01901
-20,0.000001,2.00109E-005,11.885,2.55889,7.98844,1.01891
-20,0.000001,2.00359E-005,11.885,2.55903,7.98846,1.01883
-20,0.000001,2.00611E-005,11.885,2.55913,7.98847,1.01875
-20,0.000001,2.00869E-005,11.885,2.55926,7.98848,1.01869
-20,0.000001,2.01134E-005,11.885,2.55935,7.98848,1.01864
-20,0.000001,0.000020141,11.885,2.55945,7.98849,1.01861
-20,0.000001,2.01694E-005,11.885,2.55949,7.98849,1.01859
-20,0.000001,2.01984E-005,11.885,2.55953,7.98849,1.01859
-20,0.000001,2.02272E-005,11.885,2.55951,7.98848,1.0186
-20,0.000001,2.02546E-005,11.885,2.55949,7.98848,1.01863
-20,0.000001,2.02814E-005,11.885,2.55941,7.98848,1.01867
-20,0.000001,2.03012E-005,11.885,2.55937,7.98848,1.01871
-20,0.000001,2.03071E-005,11.885,2.55933,7.98848,1.01872
-20,0.000001,2.03191E-005,11.885,2.5593,7.98849,1.01874
-20,0.000001,2.03219E-005,11.885,2.55927,7.98849,1.01875
-20,0.000001,2.03233E-005,11.885,2.55929,7.9885,1.01875
-20,0.000001,2.03261E-005,11.885,2.55925,7.98851,1.01876
-20,0.000001,2.03275E-005,11.885,2.55926,7.98851,1.01876
-20,0.000001,2.03303E-005,11.885,2.55924,7.9885,1.01877
-20,0.000001,2.03342E-005,11.885,2.55923,7.98849,1.01878
-20,0.000001,2.03419E-005,11.885,2.55919,7.98849,1.0188
-20,0.000001,2.03554E-005,11.885,2.55912,7.9885,1.01883
-20,0.000001,2.03787E-005,11.885,2.55899,7.98849,1.01888
-20,0.000001,2.04211E-005,11.885,2.55871,7.98849,1.01899
-20,0.000001,2.04961E-005,11.885,2.55813,7.98848,1.0192
-20,0.000001,2.06297E-005,11.885,2.55703,7.98848,1.01959
-20,0.000001,2.08241E-005,11.885,2.55535,7.98847,1.0201
-20,0.000001,0.000020891,11.885,2.55477,7.98847,1.02025
-20,0.000001,2.10247E-005,11.885,2.55354,7.98847,1.02049
-20,0.000001,2.10916E-005,11.885,2.55293,7.98847,1.02058
-20,0.000001,2.12253E-005,11.885,2.55173,7.98847,1.02073
-20,0.000001,2.12921E-005,11.885,2.55117,7.98847,1.02079
-20,0.000001,2.13256E-005,11.885,2.5509,7.98847,1.02081
-20,0.000001,2.13924E-005,11.885,2.55037,7.98847,1.02086
-20,0.000001,2.15261E-005,11.885,2.5494,7.98847,1.02093
-20,0.000001,2.17385E-005,11.885,2.54809,7.98847,1.021
-20,0.000001,2.18388E-005,11.885,2.54757,7.98847,1.02102
-20,0.000001,2.20392E-005,11.885,2.54669,7.98847,1.02105
-20,0.000001,2.24401E-005,11.885,2.54549,7.98847,1.02109
-20,0.000001,2.30779E-005,11.885,2.5447,7.98847,1.02112
-20,0.000001,2.41133E-005,11.885,2.54469,7.98847,1.02113
-20,0.000001,2.56678E-005,11.885,2.54531,7.98848,1.02113
-20,0.000001,2.72678E-005,11.885,2.54581,7.98848,1.02113
-20,0.000001,2.88678E-005,11.885,2.5462,7.98848,1.02113
-20,0.000001,3.04678E-005,11.885,2.54655,7.98848,1.02113
-20,0.000001,3.20678E-005,11.885,2.54688,7.98848,1.02113
-20,0.000001,3.36678E-005,11.885,2.54718,7.98848,1.02113
-20,0.000001,3.52678E-005,11.885,2.54747,7.98848,1.02113
-20,0.000001,3.68678E-005,11.885,2.54773,7.98848,1.02113
-20,0.000001,3.84678E-005,11.885,2.54797,7.98848,1.02113
-20,0.000001,4.00678E-005,11.885,2.54819,7.98848,1.02113
-20,0.000001,4.16678E-005,11.885,2.5484,7.98848,1.02113
-20,0.000001,4.32678E-005,11.885,2.54859,7.98848,1.02113
-20,0.000001,4.48678E-005,11.885,2.54877,7.98848,1.02113
-20,0.000001,0.000045,11.885,2.54879,7.98848,1.02113
-20,0.000001,0.000045,11.8838,2.54874,7.9878,1.02056
-20,0.000001,0.000045,11.88,2.54867,7.98574,1.01894
-20,0.000001,0.000045,11.8659,2.54853,7.97827,1.01397
-20,0.000001,0.000045,11.8164,2.54824,7.95371,1.00189
-20,0.000001,4.50001E-005,11.6454,2.54765,7.87531,0.978573
-20,0.000001,4.50001E-005,11.554,2.54743,7.8347,0.970142
-20,0.000001,4.50001E-005,11.5416,2.5474,7.82925,0.969108
-20,0.000001,4.50001E-005,11.5164,2.54735,7.81813,0.967064
-20,0.000001,4.50001E-005,11.4639,2.54724,7.79498,0.963081
-20,0.000001,4.50001E-005,11.4366,2.54719,7.78299,0.961154
-20,0.000001,4.50001E-005,11.3799,2.5471,7.75817,0.957402
-20,0.000001,4.50001E-005,11.2589,2.54693,7.70531,0.950259
-20,0.000001,4.50001E-005,11.1946,2.54685,7.67729,0.946838
-20,0.000001,4.50001E-005,11.0592,2.54671,7.61827,0.940284
-20,0.000001,4.50002E-005,10.7631,2.54649,7.48911,0.928215
-20,0.000001,4.50002E-005,10.0884,2.54632,7.19232,0.907734
-20,0.000001,4.50002E-005,9.88451,2.54632,7.1017,0.902764
-20,0.000001,4.50003E-005,9.46039,2.5464,6.91132,0.893586
-20,0.000001,4.50003E-005,8.86197,2.54661,6.63781,0.882404
-20,0.000001,4.50003E-005,8.23371,2.54694,6.34337,0.872798
-20,0.000001,4.50004E-005,7.68953,2.54721,6.08031,0.863924
-20,0.000001,4.50004E-005,7.16245,2.54754,5.81758,0.856074
-20,0.000001,4.50004E-005,6.71589,2.5478,5.58949,0.850305
-20,0.000001,4.50005E-005,6.22154,2.54809,5.32963,0.843314
-20,0.000001,4.50005E-005,5.75305,2.54835,5.07728,0.837286
-20,0.000001,4.50005E-005,5.29292,2.54858,4.82278,0.831035
-20,0.000001,4.50005E-005,4.83384,2.54882,4.56345,0.825268
-20,0.000001,4.50006E-005,4.38681,2.54899,4.30423,0.819175
-20,0.000001,4.50006E-005,3.94808,2.54917,4.04286,0.813085
-20,0.000001,4.50006E-005,3.5218,2.54926,3.77818,0.805854
-20,0.000001,4.50006E-005,3.11729,2.5493,3.50728,0.796054
-20,0.000001,4.50007E-005,2.72405,2.54938,3.23555,0.788762
-20,0.000001,4.50007E-005,2.3315,2.54944,2.96511,0.783324
-20,0.000001,4.50007E-005,2.23437,2.54946,2.8977,0.781753
-20,0.000001,4.50007E-005,2.03929,2.5495,2.76313,0.779243
-20,0.000001,4.50007E-005,1.86442,2.54952,2.64204,0.776897
-20,0.000001,4.50007E-005,1.71307,2.54955,2.537,0.775012
-20,0.000001,4.50007E-005,1.67131,2.54955,2.50778,0.774451
-20,0.000001,4.50007E-005,1.58825,2.54956,2.44908,0.773149
-20,0.000001,4.50007E-005,1.51758,2.54954,2.39772,0.771656
-20,0.000001,4.50007E-005,1.45621,2.54952,2.35121,0.769779
-20,0.000001,4.50008E-005,1.39132,2.54948,2.29903,0.767036
-20,0.000001,4.50008E-005,1.33299,2.54944,2.24905,0.763902
-20,0.000001,4.50008E-005,1.2774,2.5494,2.19889,0.760634
-20,0.000001,4.50008E-005,1.22356,2.54938,2.1486,0.757499
-20,0.000001,4.50008E-005,1.172,2.54937,2.09943,0.754731
-20,0.000001,4.50008E-005,1.12152,2.54935,2.05077,0.752263
-20,0.000001,4.50008E-005,1.07208,2.54934,2.0028,0.750071
-20,0.000001,4.50008E-005,1.02354,2.54933,1.95554,0.748069
-20,0.000001,4.50008E-005,0.975712,2.54932,1.90889,0.746222
-20,0.000001,4.50008E-005,0.928566,2.54931,1.86285,0.744473
-20,0.000001,4.50008E-005,0.882085,2.5493,1.81741,0.742812
-20,0.000001,4.50008E-005,0.836204,2.54929,1.77254,0.741206
-20,0.000001,4.50008E-005,0.790951,2.54928,1.72826,0.739656
-20,0.000001,4.50008E-005,0.74628,2.54927,1.68454,0.738143
-20,0.000001,4.50008E-005,0.702215,2.54926,1.64139,0.736671
-20,0.000001,4.50008E-005,0.658727,2.54925,1.59881,0.735226
-20,0.000001,4.50008E-005,0.615837,2.54924,1.55679,0.733817
-20,0.000001,4.50008E-005,0.573519,2.54923,1.51533,0.732431
-20,0.000001,4.50008E-005,0.531794,2.54923,1.47444,0.731076
-20,0.000001,4.50008E-005,0.49064,2.54922,1.43411,0.729742
-20,0.000001,4.50008E-005,0.450074,2.54922,1.39435,0.728436
-20,0.000001,4.50008E-005,0.410077,2.54921,1.35514,0.727151
-20,0.000001,4.50008E-005,0.370663,2.54921,1.31649,0.725895
-20,0.000001,4.50008E-005,0.331816,2.5492,1.2784,0.72466
-20,0.000001,4.50008E-005,0.293547,2.5492,1.24086,0.723454
-20,0.000001,4.50008E-005,0.25584,2.5492,1.20388,0.722272
-20,0.000001,4.50008E-005,0.218707,2.5492,1.16744,0.721119
-20,0.000001,4.50008E-005,0.182135,2.5492,1.13156,0.719992
-20,0.000001,4.50008E-005,0.146134,2.5492,1.09622,0.718896
-20,0.000001,4.50009E-005,0.110687,2.5492,1.06143,0.717823
-20,0.000001,4.50009E-005,0.0757998,2.5492,1.02717,0.716778
-20,0.000001,4.50009E-005,0.0414569,2.5492,0.99345,0.715757
-20,0.000001,4.50009E-005,0.007663,2.5492,0.960258,0.714763
-20,0.000001,4.50009E-005,-0.025593,2.5492,0.927591,0.713793
-20,0.000001,4.50009E-005,-0.0583066,2.54921,0.895447,0.71285
-20,0.000001,4.50009E-005,-0.0904878,2.54921,0.863823,0.711931
-20,0.000001,4.50009E-005,-0.122132,2.54922,0.832716,0.711038
-20,0.000001,4.50009E-005,-0.153248,2.54922,0.802123,0.71017
-20,0.000001,4.50009E-005,-0.183833,2.54923,0.772042,0.709331
-20,0.000001,4.50009E-005,-0.213892,2.54924,0.742468,0.708519
-20,0.000001,4.50009E-005,-0.243424,2.54924,0.713402,0.707738
-20,0.000001,4.50009E-005,-0.272432,2.54925,0.684838,0.70699
-20,0.000001,4.50009E-005,-0.30091,2.54926,0.656779,0.706279
-20,0.000001,4.50009E-005,-0.328854,2.54927,0.629226,0.705611
-20,0.000001,4.50009E-005,-0.356238,2.54929,0.602191,0.705001
-20,0.000001,4.50009E-005,-0.383009,2.5493,0.575704,0.704478
-20,0.000001,4.50009E-005,-0.409029,2.54933,0.549844,0.704111
-20,0.000001,4.50009E-005,-0.434033,2.54937,0.524763,0.704035
-20,0.000001,4.50009E-005,-0.45756,2.54944,0.500738,0.704473
-20,0.000001,4.50009E-005,-0.479143,2.54954,0.478057,0.70567
-20,0.000001,4.50009E-005,-0.498487,2.54966,0.456949,0.707758
-20,0.000001,4.50009E-005,-0.515728,2.54979,0.43738,0.71068
-20,0.000001,4.50009E-005,-0.531191,2.54992,0.419204,0.714258
-20,0.000001,4.50009E-005,-0.545226,2.55005,0.402239,0.718289
-20,0.000001,4.50009E-005,-0.558151,2.55017,0.386287,0.722612
-20,0.000001,4.50009E-005,-0.570178,2.55029,0.371223,0.727093
-20,0.000001,4.50009E-005,-0.581484,2.5504,0.356917,0.73164
-20,0.000001,4.50009E-005,-0.592193,2.5505,0.34328,0.736182
-20,0.000001,4.50009E-005,-0.602397,2.55061,0.330238,0.740672
-20,0.000001,4.50009E-005,-0.612171,2.5507,0.317727,0.745075
-20,0.000001,4.50009E-005,-0.621565,2.5508,0.305698,0.749368
-20,0.000001,4.50009E-005,-0.630627,2.55089,0.294108,0.753536
-20,0.000001,4.50009E-005,-0.639387,2.55097,0.282922,0.757568
-20,0.000001,4.50009E-005,-0.647878,2.55106,0.272109,0.76146
-20,0.000001,4.50009E-005,-0.656118,2.55114,0.261644,0.765209
-20,0.000001,4.50009E-005,-0.664129,2.55121,0.251504,0.768815
-20,0.000001,4.50009E-005,-0.671926,2.55129,0.241668,0.772281
-20,0.000001,4.50009E-005,-0.679523,2.55136,0.232119,0.775609
-20,0.000001,4.50009E-005,-0.68693,2.55143,0.222842,0.778802
-20,0.000001,4.50009E-005,-0.69416,2.55149,0.213822,0.781866
-20,0.000001,4.50009E-005,-0.70122,2.55156,0.205047,0.784805
-20,0.000001,4.50009E-005,-0.708118,2.55162,0.196504,0.787623
-20,0.000001,4.50009E-005,-0.714861,2.55168,0.188185,0.790326
-20,0.000001,4.50009E-005,-0.721456,2.55173,0.180078,0.792918
-20,0.000001,4.50009E-005,-0.727907,2.55179,0.172175,0.795405
-20,0.000001,4.50009E-005,-0.734222,2.55184,0.164467,0.797791
-20,0.000001,4.50009E-005,-0.740403,2.55189,0.156948,0.80008
-20,0.000001,4.50009E-005,-0.746457,2.55194,0.149609,0.802278
-20,0.000001,4.50009E-005,-0.752385,2.55199,0.142445,0.804388
-20,0.000001,0.000045001,-0.758194,2.55203,0.135449,0.806414
-20,0.000001,0.000045001,-0.763885,2.55208,0.128616,0.808361
-20,0.000001,0.000045001,-0.769463,2.55212,0.121938,0.810232
-20,0.000001,0.000045001,-0.774931,2.55216,0.115413,0.81203
-20,0.000001,0.000045001,-0.780291,2.5522,0.109033,0.813759
-20,0.000001,0.000045001,-0.785546,2.55224,0.102796,0.815422
-20,0.000001,0.000045001,-0.7907,2.55227,0.0966966,0.817022
-20,0.000001,0.000045001,-0.795754,2.55231,0.0907305,0.818562
-20,0.000001,0.000045001,-0.800712,2.55234,0.0848937,0.820044
-20,0.000001,0.000045001,-0.805575,2.55237,0.0791826,0.821471
-20,0.000001,0.000045001,-0.810346,2.5524,0.0735936,0.822846
-20,0.000001,0.000045001,-0.815026,2.55243,0.0681233,0.824169
-20,0.000001,0.000045001,-0.819619,2.55246,0.0627685,0.825445
-20,0.000001,0.000045001,-0.824125,2.55249,0.0575258,0.826674
-20,0.000001,0.000045001,-0.828548,2.55252,0.0523924,0.827859
-20,0.000001,0.000045001,-0.832888,2.55254,0.0473653,0.829
-20,0.000001,0.000045001,-0.837148,2.55257,0.0424417,0.830101
-20,0.000001,0.000045001,-0.841329,2.55259,0.0376189,0.831163
-20,0.000001,0.000045001,-0.845434,2.55262,0.0328944,0.832188
-20,0.000001,0.000045001,-0.849463,2.55264,0.0282653,0.833176
-20,0.000001,0.000045001,-0.853419,2.55266,0.0237296,0.834129
-20,0.000001,0.000045001,-0.857303,2.55268,0.0192846,0.83505
-20,0.000001,0.000045001,-0.861116,2.5527,0.014928,0.835939
-20,0.000001,0.000045001,-0.864861,2.55272,0.0106578,0.836797
-20,0.000001,0.000045001,-0.868538,2.55274,0.00647174,0.837627
-20,0.000001,0.000045001,-0.872149,2.55276,0.00236773,0.838428
-20,0.000001,0.000045001,-0.875695,2.55277,-0.00165631,0.839203
-20,0.000001,0.000045001,-0.879179,2.55279,-0.00560224,0.839952
-20,0.000001,0.000045001,-0.8826,2.55281,-0.00947203,0.840677
-20,0.000001,0.000045001,-0.885961,2.55282,-0.0132674,0.841378
-20,0.000001,0.000045001,-0.889262,2.55284,-0.0169903,0.842056
-20,0.000001,0.000045001,-0.892505,2.55285,-0.0206423,0.842713
-20,0.000001,0.000045001,-0.895691,2.55286,-0.0242251,0.843349
-20,0.000001,0.000045001,-0.898821,2.55288,-0.0277404,0.843965
-20,0.000001,0.000045001,-0.901897,2.55289,-0.0311896,0.844561
-20,0.000001,0.000045001,-0.904919,2.5529,-0.0345743,0.845139
-20,0.000001,0.000045001,-0.907889,2.55291,-0.037896,0.8457
-20,0.000001,0.000045001,-0.910806,2.55293,-0.041156,0.846243
-20,0.000001,0.000045001,-0.913674,2.55294,-0.0443559,0.84677
-20,0.000001,0.000045001,-0.916492,2.55295,-0.0474968,0.847281
-20,0.000001,0.000045001,-0.919262,2.55296,-0.0505802,0.847776
-20,0.000001,0.000045001,-0.921984,2.55297,-0.0536073,0.848257
-20,0.000001,0.000045001,-0.924659,2.55298,-0.0565792,0.848724
-20,0.000001,0.000045001,-0.927289,2.55299,-0.0594973,0.849177
-20,0.000001,0.000045001,-0.929874,2.553,-0.0623627,0.849617
-20,0.000001,0.000045001,-0.932415,2.553,-0.0651764,0.850044
-20,0.000001,0.000045001,-0.934913,2.55301,-0.0679397,0.850459
-20,0.000001,0.000045001,-0.937369,2.55302,-0.0706536,0.850863
-20,0.000001,0.000045001,-0.939783,2.55303,-0.0733192,0.851255
-20,0.000001,0.000045001,-0.942156,2.55304,-0.0759374,0.851636
-20,0.000001,0.000045001,-0.94449,2.55304,-0.0785093,0.852006
-20,0.000001,0.000045001,-0.946784,2.55305,-0.0810359,0.852366
-20,0.000001,0.000045001,-0.948645,2.55306,-0.0830832,0.852656
-20,0.000001,0.000045001,-0.950503,2.55306,-0.0851256,0.852942
-20,0.000001,0.000045001,-0.95224,2.55308,-0.0871228,0.85332
-20,0.000001,0.000045001,-0.95392,2.5531,-0.08908,0.853715
-20,0.000001,0.000045001,-0.955894,2.55312,-0.0914161,0.854223
-20,0.000001,0.000045001,-0.959074,2.55314,-0.0951986,0.855071
-20,0.000001,0.000045001,-0.96531,2.55317,-0.102628,0.856772
-20,0.000001,0.000045001,-0.977399,2.55323,-0.117032,0.860124
-20,0.000001,0.000045001,-1.00022,2.55333,-0.144221,0.866532
-20,0.000001,0.000045001,-1.04123,2.55346,-0.193108,0.878028
-20,0.000001,0.000045001,-1.0597,2.55349,-0.215175,0.883108
-20,0.000001,0.000045001,-1.06847,2.5535,-0.225716,0.885477
-20,0.000001,0.000045001,-1.07275,2.5535,-0.230874,0.886619
-20,0.000001,4.50011E-005,-1.07487,2.5535,-0.233425,0.88718
-20,0.000001,4.50011E-005,-1.07905,2.5535,-0.238464,0.88829
-20,0.000001,4.50011E-005,-1.08725,2.5535,-0.248286,0.890477
-20,0.000001,4.50011E-005,-1.09125,2.5535,-0.25307,0.891555
-20,0.000001,4.50011E-005,-1.09908,2.55349,-0.262412,0.893661
-20,0.000001,4.50011E-005,-1.1029,2.55348,-0.266973,0.89469
-20,0.000001,4.50011E-005,-1.11036,2.55347,-0.275883,0.896701
-20,0.000001,4.50011E-005,-1.11401,2.55346,-0.280235,0.897683
-20,0.000001,4.50011E-005,-1.12114,2.55344,-0.288743,0.899601
-20,0.000001,4.50011E-005,-1.13476,2.55338,-0.30501,0.903259
-20,0.000001,4.50011E-005,-1.14127,2.55335,-0.312785,0.905001
-20,0.000001,4.50011E-005,-1.15372,2.55327,-0.327673,0.90832
-20,0.000001,4.50011E-005,-1.17656,2.55308,-0.354992,0.914327
-20,0.000001,4.50011E-005,-1.21513,2.55258,-0.40113,0.924026
-20,0.000001,4.50012E-005,-1.27147,2.55128,-0.468747,0.9377
-20,0.000001,4.50012E-005,-1.28712,2.55074,-0.487543,0.941508
-20,0.000001,4.50013E-005,-1.31332,2.54967,-0.519096,0.947631
-20,0.000001,4.50014E-005,-1.35028,2.54794,-0.563803,0.955212
-20,0.000001,4.50014E-005,-1.35768,2.54759,-0.572834,0.956741
-20,0.000001,4.50015E-005,-1.37082,2.54704,-0.588992,0.95943
-20,0.000001,4.50015E-005,-1.38886,2.54654,-0.61142,0.963014
-20,0.000001,4.50017E-005,-1.41535,2.54669,-0.64493,0.967777
-20,0.000001,4.50019E-005,-1.44009,2.54792,-0.676949,0.971117
-20,0.000001,4.50022E-005,-1.45927,2.54879,-0.702249,0.972166
-20,0.000001,4.50025E-005,-1.47481,2.54853,-0.722764,0.970847
-20,0.000001,4.50025E-005,-1.4786,2.54832,-0.727699,0.97
-20,0.000001,4.50027E-005,-1.48523,2.54804,-0.736146,0.96783
-20,0.000001,4.50031E-005,-1.49552,2.54805,-0.748725,0.961893
-20,0.000001,4.50036E-005,-1.5051,2.54827,-0.759414,0.951222
-20,0.000001,4.50037E-005,-1.50723,2.54826,-0.761581,0.947678
-20,0.000001,4.50038E-005,-1.50824,2.54824,-0.762577,0.945847
-20,0.000001,4.50039E-005,-1.51012,2.5482,-0.764404,0.942111
-20,0.000001,4.50042E-005,-1.51352,2.54816,-0.767575,0.934362
-20,0.000001,4.50046E-005,-1.51818,2.54819,-0.771684,0.9214
-20,0.000001,4.50051E-005,-1.52248,2.54821,-0.77527,0.906868
-20,0.000001,4.50057E-005,-1.52718,2.54819,-0.779027,0.887895
-20,0.000001,4.50066E-005,-1.53304,2.5482,-0.783502,0.859335
-20,0.000001,4.50076E-005,-1.5383,2.5482,-0.787343,0.828006
-20,0.000001,4.50088E-005,-1.54315,2.54819,-0.790734,0.793507
-20,0.000001,4.50091E-005,-1.54433,2.5482,-0.79155,0.784093
-20,0.000001,4.50093E-005,-1.54491,2.5482,-0.791944,0.779409
-20,0.000001,4.50096E-005,-1.546,2.5482,-0.792674,0.770108
-20,0.000001,4.50103E-005,-1.54805,2.5482,-0.794035,0.751745
-20,0.000001,4.50105E-005,-1.54867,2.5482,-0.794444,0.745848
-20,0.000001,4.50109E-005,-1.54987,2.5482,-0.79524,0.734138
-20,0.000001,4.50117E-005,-1.5521,2.5482,-0.796723,0.711075
-20,0.000001,4.50132E-005,-1.5556,2.54818,-0.799092,0.671837
-20,0.000001,4.50138E-005,-1.55689,2.54817,-0.799935,0.655688
-20,0.000001,0.000045015,-1.55917,2.54813,-0.801318,0.623033
-20,0.000001,4.50175E-005,-1.563,2.54802,-0.803188,0.551131
-20,0.000001,0.000045018,-1.56377,2.54799,-0.80352,0.5318
-20,0.000001,4.50191E-005,-1.56517,2.54796,-0.804197,0.488227
-20,0.000001,4.50213E-005,-1.56771,2.5479,-0.805539,0.40108
-20,0.000001,4.50244E-005,-1.57083,2.54781,-0.80735,0.309717
-20,0.000001,4.50266E-005,-1.57292,2.54772,-0.808609,0.257536
-20,0.000001,4.50274E-005,-1.57353,2.54769,-0.808985,0.241342
-20,0.000001,4.50289E-005,-1.57474,2.54762,-0.809717,0.208981
-20,0.000001,4.50307E-005,-1.57612,2.54754,-0.810556,0.169774
-20,0.000001,4.50331E-005,-1.57777,2.54742,-0.811556,0.121571
-20,0.000001,4.50374E-005,-1.58036,2.54719,-0.813123,0.0493761
-20,0.000001,4.50387E-005,-1.58113,2.54711,-0.813572,0.031704
-20,0.000001,4.50415E-005,-1.58256,2.54693,-0.814425,0.00357255
-20,0.000001,4.50424E-005,-1.58304,2.54687,-0.814704,-0.00498407
-20,0.000001,4.50442E-005,-1.58394,2.54674,-0.815245,-0.0216983
-20,0.000001,0.000045048,-1.58567,2.54647,-0.816258,-0.0528701
-20,0.000001,4.50543E-005,-1.58831,2.54597,-0.817804,-0.098734
-20,0.000001,4.50558E-005,-1.5889,2.54585,-0.818143,-0.108354
-20,0.000001,4.50587E-005,-1.59,2.54558,-0.818793,-0.126237
-20,0.000001,4.50647E-005,-1.59208,2.54502,-0.819994,-0.157148
-20,0.000001,4.50705E-005,-1.59392,2.54443,-0.82106,-0.182152
-20,0.000001,4.50813E-005,-1.59696,2.54323,-0.8228,-0.218854
-20,0.000001,4.50852E-005,-1.59798,2.54275,-0.823388,-0.230006
-20,0.000001,4.50932E-005,-1.5999,2.54175,-0.824482,-0.249338
-20,0.000001,4.50958E-005,-1.6005,2.5414,-0.824829,-0.254995
-20,0.000001,4.51012E-005,-1.60167,2.54069,-0.825492,-0.265227
-20,0.000001,4.51118E-005,-1.60382,2.53919,-0.82672,-0.28208
-20,0.000001,4.51299E-005,-1.60707,2.53647,-0.828559,-0.302551
-20,0.000001,4.51353E-005,-1.60795,2.53562,-0.829063,-0.307122
-20,0.000001,4.51462E-005,-1.60963,2.53388,-0.830013,-0.314683
-20,0.000001,0.000045168,-1.61263,2.5303,-0.831716,-0.324883
-20,0.000001,4.52028E-005,-1.61671,2.52446,-0.834022,-0.332003
-20,0.000001,4.52434E-005,-1.62063,2.5176,-0.836247,-0.331655
-20,0.000001,4.52559E-005,-1.62172,2.51549,-0.836856,-0.330279
-20,0.000001,0.000045281,-1.62372,2.51126,-0.837988,-0.326315
-20,0.000001,4.53312E-005,-1.62723,2.50283,-0.839963,-0.314118
-20,0.000001,4.53495E-005,-1.62836,2.49976,-0.840607,-0.308276
-20,0.000001,4.53862E-005,-1.63047,2.49363,-0.841794,-0.294394
-20,0.000001,4.54196E-005,-1.63221,2.48804,-0.842776,-0.279537
-20,0.000001,4.54557E-005,-1.63394,2.48204,-0.843745,-0.262255
-20,0.000001,4.54907E-005,-1.63546,2.47622,-0.844607,-0.245378
-20,0.000001,4.55156E-005,-1.63649,2.4721,-0.84518,-0.233866
-20,0.000001,4.55491E-005,-1.63777,2.46654,-0.845906,-0.219247
-20,0.000001,4.55752E-005,-1.63872,2.46223,-0.846436,-0.208614
-20,0.000001,4.55874E-005,-1.63914,2.46022,-0.846675,-0.203833
-20,0.000001,4.56118E-005,-1.63997,2.45621,-0.847137,-0.194591
-20,0.000001,4.56605E-005,-1.6415,2.4482,-0.848001,-0.177292
-20,0.000001,4.57376E-005,-1.6437,2.43557,-0.849232,-0.152999
-20,0.000001,4.57761E-005,-1.6447,2.42929,-0.849794,-0.142276
-20,0.000001,4.58532E-005,-1.64655,2.41676,-0.850828,-0.123571
-20,0.000001,4.58902E-005,-1.64736,2.41079,-0.851285,-0.115866
-20,0.000001,4.59456E-005,-1.64853,2.40185,-0.851933,-0.105765
-20,0.000001,4.59738E-005,-1.64908,2.39731,-0.852245,-0.101263
-20,0.000001,4.59879E-005,-1.64936,2.39505,-0.852398,-0.0991694
-20,0.000001,4.59949E-005,-1.64948,2.39391,-0.852473,-0.0981595
-20,0.000001,4.59985E-005,-1.64956,2.39335,-0.852511,-0.0976648
-20,0.000001,4.59997E-005,-1.64957,2.39315,-0.852524,-0.0974878
-20,0.000001,4.60004E-005,-1.6496,2.39304,-0.852531,-0.0974013
-20,0.000001,0.000046001,-1.6496,2.39294,-0.852537,-0.0973126
-20,0.000001,0.000046001,-1.64514,2.39301,-0.850014,-0.0951371
-20,0.000001,0.000046001,-1.63467,2.39308,-0.844358,-0.0904726
-20,0.000001,4.60011E-005,-1.60887,2.39317,-0.830812,-0.0803124
-20,0.000001,4.60011E-005,-1.5425,2.39334,-0.796189,-0.0570134
-20,0.000001,4.60013E-005,-1.34873,2.39344,-0.709328,-0.0104335
-20,0.000001,4.60014E-005,-0.913986,2.39307,-0.555945,0.0272863
-20,0.000001,4.60015E-005,-0.764631,2.39287,-0.50729,0.0267467
-20,0.000001,4.60016E-005,-0.461133,2.39264,-0.388795,0.0247127
-20,0.000001,4.60017E-005,-0.348934,2.39256,-0.33777,0.0209161
-20,0.000001,4.60017E-005,-0.128221,2.39249,-0.230173,0.0160206
-20,0.000001,4.60019E-005,0.175835,2.39241,-0.0709975,0.0146254
-20,0.000001,4.60019E-005,0.248072,2.39251,-0.0292472,0.0184569
-20,0.000001,0.000046002,0.35694,2.39257,0.0362421,0.0241088
-20,0.000001,0.000046002,0.470245,2.39268,0.101825,0.0278094
-20,0.000001,4.60021E-005,0.596289,2.39239,0.152839,0.00560903
-20,0.000001,4.60021E-005,0.625059,2.39234,0.162527,0.000818835
-20,0.000001,4.60022E-005,0.670679,2.39226,0.175616,-0.00863883
-20,0.000001,4.60022E-005,0.733952,2.39225,0.186304,-0.0229599
-20,0.000001,4.60023E-005,0.777174,2.39243,0.184828,-0.0322026
-20,0.000001,4.60024E-005,0.787323,2.39255,0.181575,-0.0339968
-20,0.000001,4.60025E-005,0.80028,2.39276,0.173344,-0.0361051
-20,0.000001,4.60026E-005,0.812613,2.39301,0.153408,-0.0376081
-20,0.000001,4.60029E-005,0.817311,2.3929,0.119911,-0.0372937
-20,0.000001,4.60033E-005,0.819092,2.39245,0.0717139,-0.0359766
-20,0.000001,4.60039E-005,0.820588,2.39242,0.00844005,-0.0340666
-20,0.000001,4.60047E-005,0.822076,2.39246,-0.072497,-0.0321366
-20,0.000001,4.60058E-005,0.822755,2.39209,-0.176821,-0.0301914
-20,0.000001,0.000046007,0.82599,2.39203,-0.275682,-0.0285751
-20,0.000001,4.60085E-005,0.827803,2.39172,-0.351867,-0.027186
-20,0.000001,4.60107E-005,0.830252,2.39139,-0.415952,-0.0260576
-20,0.000001,4.60131E-005,0.831115,2.39101,-0.446988,-0.0251924
-20,0.000001,4.60161E-005,0.832469,2.3905,-0.460879,-0.0244947
-20,0.000001,4.60199E-005,0.8331,2.38993,-0.464563,-0.0235391
-20,0.000001,4.60249E-005,0.834579,2.38908,-0.462918,-0.0224762
-20,0.000001,4.60314E-005,0.835634,2.38811,-0.459946,-0.0210598
-20,0.000001,0.00004604,0.837756,2.38667,-0.45748,-0.0193731
-20,0.000001,4.60525E-005,0.840021,2.38473,-0.455805,-0.0169591
-20,0.000001,4.60675E-005,0.843503,2.38227,-0.454879,-0.0145124
-20,0.000001,4.60883E-005,0.847822,2.37901,-0.454188,-0.0116056
-20,0.000001,0.000046118,0.855409,2.37421,-0.45345,-0.00851397
-20,0.000001,0.000046156,0.865916,2.36824,-0.452617,-0.00564398
-20,0.000001,4.62013E-005,0.882678,2.361,-0.451655,-0.00351623
-20,0.000001,4.62158E-005,0.888954,2.35877,-0.451357,-0.00297821
-20,0.000001,4.62449E-005,0.905847,2.35411,-0.450775,-0.00223157
-20,0.000001,4.62594E-005,0.91664,2.35189,-0.450462,-0.00187688
-20,0.000001,4.62666E-005,0.923725,2.35068,-0.450288,-0.00177975
-20,0.000001,4.62703E-005,0.927246,2.35017,-0.450205,-0.00167506
-20,0.000001,4.62775E-005,0.936398,2.34896,-0.449996,-0.00158753
-20,0.000001,4.62812E-005,0.941349,2.34845,-0.449875,-0.00149363
-20,0.000001,4.62884E-005,0.954785,2.34725,-0.449533,-0.00141161
-20,0.000001,0.000046303,1.03912,2.34502,-0.445827,-0.00111578
-20,0.000001,4.63032E-005,1.04792,2.34498,-0.443516,-0.000532901
-20,0.000001,4.63037E-005,1.11007,2.34488,-0.425888,0.00129557
-20,0.000001,4.63037E-005,2.13604,2.35018,0.0354145,0.243126
-20,0.000001,4.63038E-005,3.84018,2.3477,0.50082,0.228344
-20,0.000001,4.63038E-005,4.39309,2.34843,0.623764,0.196541
-20,0.000001,4.63039E-005,4.96045,2.34576,0.72848,0.164599
-20,0.000001,4.63039E-005,5.37165,2.34699,0.822103,0.160912
-20,0.000001,4.63039E-005,5.68687,2.34479,0.879119,0.148028
-20,0.000001,4.63039E-005,5.93704,2.34607,0.931341,0.143601
-20,0.000001,4.63039E-005,6.14498,2.34432,0.969253,0.137051
-20,0.000001,4.63039E-005,6.30976,2.34532,0.999844,0.131754
-20,0.000001,0.000046304,6.45804,2.34411,1.02776,0.128856
-20,0.000001,0.000046304,6.58171,2.3447,1.04835,0.123419
-20,0.000001,0.000046304,6.70024,2.34398,1.07083,0.121914
-20,0.000001,0.000046304,6.72525,2.34418,1.07363,0.119402
-20,0.000001,0.000046304,6.7816,2.34413,1.08454,0.119138
-20,0.000001,0.000046304,6.83794,2.34396,1.09321,0.116337
-20,0.000001,0.000046304,6.89644,2.34401,1.10389,0.115546
-20,0.000001,0.000046304,6.98791,2.34374,1.1185,0.11202
-20,0.000001,0.000046304,7.10867,2.34372,1.13888,0.109131
-20,0.000001,0.000046304,7.27706,2.34334,1.16505,0.103276
-20,0.000001,0.000046304,7.34424,2.34341,1.17595,0.101805
-20,0.000001,0.000046304,7.47357,2.34307,1.19506,0.0972341
-20,0.000001,0.000046304,7.53018,2.34316,1.20386,0.0959933
-20,0.000001,0.000046304,7.63946,2.34286,1.21938,0.0921938
-20,0.000001,0.000046304,7.85303,2.34277,1.2496,0.0861232
-20,0.000001,4.63041E-005,8.15105,2.34229,1.28805,0.0766821
-20,0.000001,4.63041E-005,8.60355,2.34205,1.34032,0.0633526
-20,0.000001,4.63041E-005,8.79835,2.34177,1.3593,0.0570285
-20,0.000001,4.63042E-005,9.15833,2.34179,1.39004,0.0465091
-20,0.000001,4.63042E-005,9.32228,2.34161,1.40082,0.041195
-20,0.000001,4.63042E-005,9.6242,2.34184,1.41655,0.0325573
-20,0.000001,4.63043E-005,10.1278,2.34212,1.42284,0.0174329
-20,0.000001,4.63043E-005,10.2207,2.34242,1.42085,0.0151231
-20,0.000001,4.63043E-005,10.3908,2.34257,1.41261,0.010026
-20,0.000001,4.63044E-005,10.6623,2.34339,1.38868,0.00301061
-20,0.000001,4.63045E-005,10.9373,2.3441,1.34256,-0.00435964
-20,0.000001,4.63046E-005,11.3149,2.34562,1.22104,-0.0125631
-20,0.000001,4.63048E-005,11.5248,2.34599,1.0843,-0.0163119
-20,0.000001,4.63049E-005,11.6752,2.34584,0.91117,-0.0169416
-20,0.000001,4.63051E-005,11.7605,2.34486,0.734284,-0.0160525
-20,0.000001,4.63053E-005,11.8198,2.3443,0.525002,-0.0124571
-20,0.000001,4.63056E-005,11.8601,2.34419,0.31553,-0.00916555
-20,0.000001,0.000046306,11.8966,2.34478,0.141494,-0.00333154
-20,0.000001,4.63063E-005,11.9214,2.34456,0.0245207,-0.00183878
-20,0.000001,4.63064E-005,11.9282,2.34461,-0.00592699,-0.000609091
-20,0.000001,4.63066E-005,11.9373,2.34427,-0.0617607,-0.000644619
-20,0.000001,0.000046307,11.9477,2.34438,-0.134039,0.000682111
-20,0.000001,4.63074E-005,11.9537,2.34426,-0.194265,0.000926934
-20,0.000001,4.63079E-005,11.958,2.34432,-0.250882,0.00120617
-20,0.000001,0.000046308,11.9582,2.34411,-0.266657,0.000523084
-20,0.000001,4.63083E-005,11.9597,2.34421,-0.295887,0.000539226
-20,0.000001,4.63089E-005,11.9612,2.34399,-0.352616,-0.000730833
-20,0.000001,4.63096E-005,11.966,2.34404,-0.410263,-0.000874293
-20,0.000001,4.63103E-005,11.9713,2.34375,-0.456229,-0.0017478
-20,0.000001,0.000046311,11.976,2.34382,-0.489265,-0.00183673
-20,0.000001,4.63117E-005,11.9788,2.34353,-0.516487,-0.0026626
-20,0.000001,4.63119E-005,11.9798,2.34366,-0.522261,-0.00239182
-20,0.000001,0.000046312,11.9797,2.34348,-0.525647,-0.00283315
-20,0.000001,4.63122E-005,11.9807,2.34362,-0.530856,-0.00255683
-20,0.000001,4.63123E-005,11.9806,2.34344,-0.533961,-0.0029897
-20,0.000001,4.63125E-005,11.9815,2.34357,-0.538681,-0.00271715
-20,0.000001,4.63127E-005,11.9813,2.34339,-0.541538,-0.00313812
-20,0.000001,4.63129E-005,11.9821,2.34352,-0.545838,-0.00287372
-20,0.000001,0.000046313,11.9819,2.34334,-0.548502,-0.00329492
-20,0.000001,4.63132E-005,11.9825,2.34347,-0.552481,-0.00303876
-20,0.000001,4.63133E-005,11.9823,2.34329,-0.554948,-0.00343322
-20,0.000001,4.63135E-005,11.983,2.34343,-0.558563,-0.00316816
-20,0.000001,4.63139E-005,11.9834,2.3432,-0.566289,-0.00368307
-20,0.000001,4.63145E-005,11.9848,2.34326,-0.576214,-0.00357819
-20,0.000001,4.63154E-005,11.9856,2.34296,-0.587709,-0.00420155
-20,0.000001,4.63167E-005,11.9871,2.34292,-0.599994,-0.0041785
-20,0.000001,4.63171E-005,11.9871,2.3427,-0.603634,-0.0046125
-20,0.000001,4.63179E-005,11.988,2.34273,-0.608929,-0.00441809
-20,0.000001,4.63193E-005,11.9885,2.34235,-0.616844,-0.00496326
-20,0.000001,0.000046321,11.9897,2.34224,-0.623128,-0.00477683
-20,0.000001,4.63244E-005,11.9904,2.34154,-0.631626,-0.0052458
-20,0.000001,4.63253E-005,11.9909,2.34157,-0.632493,-0.0048978
-20,0.000001,0.000046327,11.9909,2.34114,-0.634909,-0.00521996
-20,0.000001,4.63303E-005,11.9918,2.34078,-0.637472,-0.00476971
-20,0.000001,4.63316E-005,11.9916,2.34041,-0.638708,-0.00505947
-20,0.000001,4.63343E-005,11.9923,2.34015,-0.639791,-0.00459282
-20,0.000001,4.63388E-005,11.9923,2.33929,-0.641948,-0.00472925
-20,0.000001,4.63397E-005,11.9927,2.33931,-0.641879,-0.00433989
-20,0.000001,4.63416E-005,11.9925,2.33885,-0.642796,-0.00459859
-20,0.000001,4.63454E-005,11.9931,2.33842,-0.643371,-0.00409367
-20,0.000001,4.63508E-005,11.9931,2.33741,-0.644849,-0.00423352
-20,0.000001,4.63584E-005,11.9938,2.33637,-0.645679,-0.00364367
-20,0.000001,4.63669E-005,11.9938,2.33488,-0.64695,-0.0037589
-20,0.000001,4.63774E-005,11.9945,2.3334,-0.647212,-0.00316992
-20,0.000001,4.63892E-005,11.9943,2.3314,-0.647849,-0.00327081
-20,0.000001,0.000046403,11.9949,2.3294,-0.647454,-0.00266722
-20,0.000001,4.64187E-005,11.9946,2.32679,-0.64756,-0.00274839
-20,0.000001,4.64377E-005,11.995,2.324,-0.646725,-0.0021222
-20,0.000001,4.64602E-005,11.9947,2.32033,-0.646463,-0.00217606
-20,0.000001,4.64675E-005,11.9951,2.31935,-0.645884,-0.00174705
-20,0.000001,4.64822E-005,11.9948,2.31691,-0.645835,-0.00193285
-20,0.000001,4.64895E-005,11.9952,2.31594,-0.645264,-0.00151656
-20,0.000001,0.000046504,11.9949,2.31352,-0.64524,-0.00172575
-20,0.000001,4.65198E-005,11.9953,2.31124,-0.644453,-0.00125031
-20,0.000001,4.65401E-005,11.9951,2.30793,-0.644271,-0.00144283
-20,0.000001,4.65658E-005,11.9957,2.30413,-0.643303,-0.000936848
-20,0.000001,4.65799E-005,11.9955,2.30179,-0.643348,-0.00120182
-20,0.000001,4.65955E-005,11.9959,2.29955,-0.642571,-0.00077805
-20,0.000001,0.000046608,11.9956,2.29745,-0.642605,-0.00106192
-20,0.000001,4.66126E-005,11.9959,2.29691,-0.64211,-0.000697829
-20,0.000001,4.66218E-005,11.9956,2.29533,-0.642218,-0.00100138
-20,0.000001,4.66263E-005,11.996,2.29479,-0.641718,-0.000638931
-20,0.000001,4.66286E-005,11.9956,2.29428,-0.642019,-0.000972688
-20,0.000001,4.66332E-005,11.996,2.29374,-0.641517,-0.000611281
-20,0.000001,4.66424E-005,11.9956,2.29217,-0.641614,-0.000918805
-20,0.000001,4.66572E-005,11.996,2.29006,-0.640804,-0.000522412
-20,0.000001,4.66631E-005,11.9956,2.28899,-0.640994,-0.000845251
-20,0.000001,4.66748E-005,11.996,2.28735,-0.640273,-0.000464616
-20,0.000001,4.66918E-005,11.9956,2.28458,-0.640126,-0.000756688
-20,0.000001,4.66994E-005,11.996,2.28359,-0.63953,-0.000393202
-20,0.000001,4.67144E-005,11.9956,2.28113,-0.639422,-0.000696181
-20,0.000001,4.67445E-005,11.9956,2.2767,-0.637319,-0.000262622
-20,0.000001,0.000046754,11.9947,2.27508,-0.6364,-0.000556539
-20,0.000001,4.67731E-005,11.9901,2.27233,-0.625108,9.16941E-005
-20,0.000001,4.67956E-005,11.976,2.26874,-0.589213,0.000491266
-20,0.000001,4.68168E-005,11.9584,2.2657,-0.531592,0.00168649
-20,0.000001,4.68355E-005,11.9425,2.26269,-0.473086,0.00197507
-20,0.000001,4.68541E-005,11.9296,2.26003,-0.413763,0.00277973
-20,0.000001,4.68613E-005,11.9249,2.25877,-0.390859,0.00259024
-20,0.000001,4.68758E-005,11.9182,2.25675,-0.330933,0.00342807
-20,0.000001,4.68818E-005,11.9247,2.25568,-0.152146,0.00654085
-20,0.000001,4.68885E-005,11.9487,2.25483,0.528165,0.0161981
-20,0.000001,4.68892E-005,11.9395,2.25454,0.579342,0.0128565
-20,0.000001,4.68901E-005,11.9438,2.25463,0.647201,0.017269
-20,0.000001,4.68905E-005,11.9436,2.25431,0.680913,0.0149985
-20,0.000001,0.000046891,11.9436,2.25447,0.710798,0.017201
-20,0.000001,4.68913E-005,11.9444,2.25425,0.737437,0.0164127
-20,0.000001,4.68916E-005,11.9445,2.25437,0.758453,0.0172674
-20,0.000001,4.68919E-005,11.945,2.25414,0.780142,0.0172637
-20,0.000001,4.68922E-005,11.9453,2.25427,0.801402,0.0176075
-20,0.000001,4.68925E-005,11.9456,2.25406,0.825191,0.0178697
-20,0.000001,4.68929E-005,11.9461,2.25417,0.853576,0.0181804
-20,0.000001,4.68934E-005,11.9465,2.25392,0.889803,0.0186008
-20,0.000001,4.68941E-005,11.9474,2.25399,0.938869,0.0191135
-20,0.000001,0.000046895,11.9483,2.25368,1.00835,0.0198409
-20,0.000001,4.68964E-005,11.95,2.25363,1.11006,0.0208216
-20,0.000001,4.68985E-005,11.9521,2.25316,1.26216,0.0221868
-20,0.000001,4.69013E-005,11.9552,2.2529,1.47322,0.0238823
-20,0.000001,4.69035E-005,11.9572,2.25239,1.64059,0.0250939
-20,0.000001,4.69042E-005,11.958,2.25246,1.69083,0.0254408
-20,0.000001,4.69055E-005,11.9591,2.25209,1.79106,0.0260843
-20,0.000001,4.69069E-005,11.9604,2.25205,1.89186,0.0267304
-20,0.000001,4.69083E-005,11.9613,2.25167,1.99546,0.0273192
-20,0.000001,4.69097E-005,11.9627,2.25162,2.10037,0.0279117
-20,0.000001,0.000046911,11.9634,2.25127,2.18834,0.0283238
-20,0.000001,4.69113E-005,11.9638,2.25139,2.2117,0.0284819
-20,0.000001,4.69119E-005,11.964,2.25113,2.25784,0.028642
-20,0.000001,4.69132E-005,11.965,2.2511,2.34931,0.0291258
-20,0.000001,4.69147E-005,11.9656,2.25071,2.45115,0.0294919
-20,0.000001,0.000046917,11.967,2.25053,2.6042,0.0301695
-20,0.000001,4.69199E-005,11.9681,2.24993,2.79315,0.0307492
-20,0.000001,4.69254E-005,11.9704,2.24927,3.12992,0.0317692
-20,0.000001,4.69329E-005,11.9722,2.24797,3.56311,0.0325077
-20,0.000001,4.69453E-005,11.9747,2.24626,4.21961,0.0331516
-20,0.000001,4.69492E-005,11.9749,2.24551,4.41399,0.0331003
-20,0.000001,4.69571E-005,11.976,2.24449,4.7907,0.0331165
-20,0.000001,0.000046958,11.9759,2.24418,4.83587,0.033013
-20,0.000001,4.69599E-005,11.9763,2.24406,4.92606,0.0330595
-20,0.000001,4.69609E-005,11.9761,2.24375,4.97061,0.0329415
-20,0.000001,4.69628E-005,11.9765,2.24362,5.05959,0.0329862
-20,0.000001,4.69667E-005,11.9765,2.24288,5.2346,0.0327593
-20,0.000001,4.69683E-005,11.9769,2.24281,5.30429,0.0328016
-20,0.000001,4.69714E-005,11.9768,2.24218,5.44064,0.0325554
-20,0.000001,4.69724E-005,11.9771,2.24219,5.48575,0.0326165
-20,0.000001,4.69745E-005,11.9769,2.24171,5.57468,0.0323977
-20,0.000001,4.69786E-005,11.9772,2.24125,5.75086,0.0322891
-20,0.000001,4.69843E-005,11.9772,2.24023,5.9883,0.031842
-20,0.000001,0.00004699,11.9777,2.23954,6.22312,0.0316157
-20,0.000001,4.69917E-005,11.9776,2.23912,6.29368,0.0313889
-20,0.000001,4.69952E-005,11.978,2.23876,6.43433,0.0312917
-20,0.000001,4.70008E-005,11.9779,2.23776,6.65653,0.0308041
-20,0.000001,4.70072E-005,11.9784,2.23697,6.90852,0.0304856
-20,0.000001,4.70091E-005,11.9782,2.23652,6.98111,0.0302273
-20,0.000001,4.70129E-005,11.9785,2.23611,7.12425,0.0300821
-20,0.000001,4.70199E-005,11.978,2.23489,7.3776,0.0294127
-20,0.000001,4.70215E-005,11.9782,2.23482,7.43254,0.0294134
-20,0.000001,4.70247E-005,11.9776,2.23417,7.53834,0.0290181
-20,0.000001,4.70304E-005,11.977,2.23349,7.71251,0.0286606
-20,0.000001,4.70376E-005,11.975,2.23225,7.90533,0.0278464
-20,0.000001,4.70457E-005,11.972,2.2312,8.07547,0.0271152
-20,0.000001,4.70476E-005,11.9707,2.23075,8.10728,0.0267582
-20,0.000001,4.70489E-005,11.9702,2.23072,8.12735,0.0267434
-20,0.000001,4.70497E-005,11.9694,2.23043,8.13878,0.0265115
-20,0.000001,4.70505E-005,11.9688,2.23048,8.14794,0.0266037
-20,0.000001,4.70514E-005,11.9666,2.23018,8.15134,0.0264888
-20,0.000001,4.70521E-005,11.9642,2.23024,8.14595,0.0267533
-20,0.000001,4.70523E-005,11.9631,2.23004,8.14244,0.0266074
-20,0.000001,4.70525E-005,11.9629,2.23018,8.13977,0.0267779
-20,0.000001,4.70527E-005,11.9623,2.23,8.13676,0.0265519
-20,0.000001,4.70527E-005,11.9625,2.23015,8.1359,0.0267427
-20,0.000001,4.70528E-005,11.9622,2.22998,8.13486,0.0264783
-20,0.000001,4.70529E-005,11.9628,2.23013,8.13448,0.0266335
-20,0.000001,0.000047053,11.9628,2.22996,8.13406,0.0263263
-20,0.000001,0.000047053,11.9636,2.2301,8.13447,0.0264887
-20,0.000001,4.70531E-005,11.9637,2.22993,8.13453,0.0261867
-20,0.000001,4.70532E-005,11.9646,2.23008,8.13557,0.0263532
-20,0.000001,4.70533E-005,11.965,2.2299,8.13694,0.0260065
-20,0.000001,4.70536E-005,11.9666,2.23001,8.1419,0.0260762
-20,0.000001,4.70539E-005,11.9674,2.22981,8.14846,0.0256901
-20,0.000001,4.70542E-005,11.9685,2.22993,8.15757,0.0258239
-20,0.000001,4.70546E-005,11.9686,2.2297,8.17007,0.0254847
-20,0.000001,0.000047055,11.9692,2.22981,8.18141,0.0256613
-20,0.000001,4.70554E-005,11.969,2.22959,8.19481,0.025349
-20,0.000001,0.000047056,11.9696,2.22966,8.21405,0.0254985
-20,0.000001,4.70571E-005,11.9697,2.22934,8.25,0.0251047
-20,0.000001,0.000047059,11.971,2.22921,8.32045,0.0251007
-20,0.000001,4.70619E-005,11.9722,2.22863,8.43204,0.0245692
-20,0.000001,0.000047065,11.9742,2.22832,8.56223,0.0245706
-20,0.000001,4.70663E-005,11.9746,2.22797,8.61717,0.0242529
-20,0.000001,4.70689E-005,11.976,2.22774,8.72694,0.0243676
-20,0.000001,0.00004707,11.976,2.22741,8.77501,0.0240859
-20,0.000001,4.70724E-005,11.9769,2.22721,8.86764,0.0242501
-20,0.000001,0.000047076,11.9772,2.22652,9.00052,0.0238756
-20,0.000001,4.70792E-005,11.9781,2.22619,9.11291,0.0239716
-20,0.000001,4.70803E-005,11.978,2.22587,9.14971,0.0236789
-20,0.000001,4.70825E-005,11.9787,2.2257,9.22261,0.0238025
-20,0.000001,4.70859E-005,11.9788,2.22503,9.33247,0.0233618
-20,0.000001,4.70906E-005,11.9798,2.22449,9.47531,0.0232866
-20,0.000001,4.70966E-005,11.98,2.22344,9.64737,0.0225863
-20,0.000001,4.71042E-005,11.9809,2.22247,9.84674,0.0221829
-20,0.000001,4.71066E-005,11.9808,2.22195,9.90886,0.0217185
-20,0.000001,4.71116E-005,11.9814,2.22136,10.029,0.0214935
-20,0.000001,4.71141E-005,11.9812,2.22084,10.0864,0.0210174
-20,0.000001,4.71191E-005,11.9819,2.22025,10.1973,0.0207727
-20,0.000001,4.71216E-005,11.9817,2.21972,10.2503,0.0202886
-20,0.000001,4.71228E-005,11.9821,2.2197,10.2766,0.0204037
-20,0.000001,4.71253E-005,11.9819,2.21917,10.3274,0.019917
-20,0.000001,4.71303E-005,11.9825,2.21859,10.4256,0.0196533
-20,0.000001,4.71367E-005,11.9823,2.21747,10.5445,0.0187633
-20,0.000001,4.71396E-005,11.9827,2.2172,10.5958,0.0187135
-20,0.000001,4.71453E-005,11.9822,2.21619,10.6931,0.0178887
-20,0.000001,0.000047155,11.9779,2.21492,10.7955,0.0167358
-20,0.000001,4.71656E-005,11.9696,2.21319,10.8163,0.0147088
-20,0.000001,4.71688E-005,11.968,2.21287,10.816,0.0144512
-20,0.000001,4.71751E-005,11.9634,2.21177,10.822,0.0132733
-20,0.000001,4.71869E-005,11.956,2.21019,10.8376,0.0119531
-20,0.000001,4.71906E-005,11.9531,2.20948,10.8415,0.0112641
-20,0.000001,0.000047198,11.947,2.20854,10.8359,0.010526
-20,0.000001,4.72033E-005,11.912,2.2076,10.6107,0.00715897
-20,0.000001,4.72044E-005,11.8961,2.20759,10.4934,0.00600364
-20,0.000001,4.72067E-005,11.8416,2.20709,10.0833,0.00143106
-20,0.000001,4.72089E-005,11.7548,2.20692,9.36652,-0.00569679
-20,0.000001,4.72093E-005,11.737,2.20671,9.20442,-0.00758985
-20,0.000001,0.00004721,11.7026,2.20677,8.84713,-0.0102587
-20,0.000001,4.72109E-005,11.6782,2.20649,8.40268,-0.0117946
-20,0.000001,4.72117E-005,11.677,2.20652,8.11287,-0.011133
-20,0.000001,4.72119E-005,11.6774,2.20633,8.04522,-0.0112768
-20,0.000001,4.72123E-005,11.6795,2.20643,7.92893,-0.0108447
-20,0.000001,4.72132E-005,11.6827,2.20614,7.75365,-0.0109292
-20,0.000001,0.000047214,11.6867,2.20618,7.64983,-0.0106074
-20,0.000001,4.72142E-005,11.6877,2.20598,7.62142,-0.0108684
-20,0.000001,4.72148E-005,11.6913,2.20606,7.57652,-0.0105988
-20,0.000001,4.72159E-005,11.698,2.20574,7.52097,-0.0108294
-20,0.000001,4.72162E-005,11.7007,2.20584,7.51163,-0.0105367
-20,0.000001,4.72164E-005,11.7014,2.20566,7.50804,-0.0107553
-20,0.000001,4.72165E-005,11.7023,2.2058,7.50713,-0.0104586
-20,0.000001,4.72167E-005,11.7035,2.20562,7.50558,-0.0106155
-20,0.000001,4.72171E-005,11.7073,2.20572,7.5071,-0.0101977
-20,0.000001,4.72177E-005,11.7132,2.20547,7.51859,-0.0101259
-20,0.000001,4.72186E-005,11.7238,2.20549,7.55706,-0.00936637
-20,0.000001,4.72201E-005,11.7403,2.20512,7.65226,-0.00868067
-20,0.000001,4.72225E-005,11.7684,2.20491,7.86667,-0.00676707
-20,0.000001,4.72254E-005,11.7913,2.20433,8.11144,-0.00577469
-20,0.000001,4.72261E-005,11.7939,2.20438,8.15322,-0.00553504
-20,0.000001,4.72274E-005,11.7942,2.20403,8.19646,-0.00603538
-20,0.000001,4.72298E-005,11.7927,2.20384,8.18294,-0.00613333
-20,0.000001,4.72304E-005,11.7925,2.2036,8.16877,-0.00634935
-20,0.000001,4.72316E-005,11.7942,2.20358,8.14474,-0.00596876
-20,0.000001,4.72338E-005,11.7989,2.20309,8.1212,-0.00578946
-20,0.000001,4.72363E-005,11.8053,2.20287,8.12228,-0.00517074
-20,0.000001,4.72397E-005,11.8108,2.20222,8.12787,-0.00513901
-20,0.000001,4.72433E-005,11.8157,2.20185,8.11998,-0.00473134
-20,0.000001,4.72446E-005,11.8171,2.20151,8.11467,-0.00488165
-20,0.000001,4.72472E-005,11.821,2.20128,8.10795,-0.00447895
-20,0.000001,4.72485E-005,11.8224,2.20093,8.10576,-0.00462852
-20,0.000001,4.72511E-005,11.8261,2.2007,8.10292,-0.0042602
-20,0.000001,4.72563E-005,11.8315,2.19978,8.09525,-0.00426097
-20,0.000001,4.72649E-005,11.8402,2.19866,8.08271,-0.00368874
-20,0.000001,0.000047269,11.8434,2.1979,8.07781,-0.00376848
-20,0.000001,4.72772E-005,11.8497,2.19685,8.06941,-0.00326647
-20,0.000001,4.72935E-005,11.8589,2.19429,8.0546,-0.0029923
-20,0.000001,4.73003E-005,11.8623,2.19345,8.05029,-0.00256912
-20,0.000001,4.73139E-005,11.8671,2.1913,8.04202,-0.00242835
-20,0.000001,0.000047341,11.8745,2.18747,8.03105,-0.00148718
-20,0.000001,4.73868E-005,11.8804,2.18062,8.02047,-0.000455881
-20,0.000001,4.74002E-005,11.8817,2.17881,8.01903,0.000176416
-20,0.000001,0.000047427,11.8827,2.17475,8.01649,0.00080081
-20,0.000001,4.74509E-005,11.8838,2.17142,8.01533,0.00181349
-20,0.000001,4.74629E-005,11.8838,2.16953,8.01465,0.00196691
-20,0.000001,4.74776E-005,11.8844,2.16755,8.01431,0.00280957
-20,0.000001,4.74813E-005,11.8841,2.16686,8.01389,0.00282023
-20,0.000001,4.74886E-005,11.8845,2.16595,8.01367,0.00411701
-20,0.000001,4.75003E-005,11.8843,2.1641,8.01292,0.00768245
-20,0.000001,4.75023E-005,11.8847,2.16396,8.01311,0.00880362
-20,0.000001,4.75063E-005,11.8844,2.16323,8.01268,0.0104627
-20,0.000001,0.000047512,11.8848,2.16256,8.01264,0.0135387
-20,0.000001,4.75136E-005,11.8844,2.16217,8.01236,0.0141545
-20,0.000001,4.75169E-005,11.8848,2.16186,8.01253,0.0161021
-20,0.000001,4.75227E-005,11.8845,2.16085,8.0121,0.019091
-20,0.000001,4.75254E-005,11.8849,2.16061,8.01224,0.0208303
-20,0.000001,4.75308E-005,11.8846,2.15969,8.0118,0.0237276
-20,0.000001,4.75388E-005,11.8849,2.15868,8.01173,0.0289029
-20,0.000001,4.75465E-005,11.8846,2.15742,8.01123,0.0337766
-20,0.000001,4.75489E-005,11.885,2.15722,8.01139,0.0356991
-20,0.000001,4.75538E-005,11.8847,2.15636,8.01097,0.0389774
-20,0.000001,4.75635E-005,11.885,2.15511,8.01085,0.0466902
-20,0.000001,4.75791E-005,11.8847,2.1527,8.01004,0.0598003
-20,0.000001,4.75869E-005,11.8851,2.15174,8.00998,0.0672989
-20,0.000001,4.76024E-005,11.8848,2.14935,8.00913,0.0829304
-20,0.000001,4.76334E-005,11.8851,2.14504,8.00808,0.120175
-20,0.000001,4.76465E-005,11.8848,2.14301,8.00727,0.137644
-20,0.000001,4.76725E-005,11.8852,2.13942,8.00631,0.176888
-20,0.000001,0.000047696,11.8848,2.1359,8.00494,0.215738
-20,0.000001,4.77052E-005,11.8852,2.13474,8.00473,0.232265
-20,0.000001,4.77236E-005,11.8848,2.13196,8.00354,0.26615
-20,0.000001,4.77384E-005,11.8851,2.13,8.00302,0.295164
-20,0.000001,4.77408E-005,11.8848,2.1295,8.00265,0.299676
-20,0.000001,4.77456E-005,11.8851,2.12898,8.00265,0.309461
-20,0.000001,4.77536E-005,11.8848,2.12768,8.00201,0.32563
-20,0.000001,4.77554E-005,11.8851,2.12757,8.00215,0.32962
-20,0.000001,4.77591E-005,11.8848,2.1269,8.0017,0.336962
-20,0.000001,4.77664E-005,11.8851,2.12601,8.00156,0.352462
-20,0.000001,4.77781E-005,11.8848,2.12419,8.00071,0.376867
-20,0.000001,4.77836E-005,11.8851,2.12356,8.00066,0.388805
-20,0.000001,4.77947E-005,11.8848,2.12183,7.99986,0.411757
-20,0.000001,4.78168E-005,11.8851,2.11884,7.99906,0.455524
-20,0.000001,4.78463E-005,11.8848,2.11451,7.99789,0.504486
-20,0.000001,4.78524E-005,11.8852,2.11379,7.99803,0.513595
-20,0.000001,4.78647E-005,11.8848,2.1119,7.99755,0.530096
-20,0.000001,4.78777E-005,11.8852,2.11022,7.9974,0.546114
-20,0.000001,4.78809E-005,11.8848,2.10962,7.99709,0.549439
-20,0.000001,4.78872E-005,11.8852,2.10888,7.99732,0.556444
-20,0.000001,4.78941E-005,11.8849,2.10775,7.99706,0.563208
-20,0.000001,4.79014E-005,11.8852,2.10687,7.99724,0.57032
-20,0.000001,4.79093E-005,11.8849,2.1056,7.99699,0.577048
-20,0.000001,4.79132E-005,11.8852,2.1052,7.99721,0.580578
-20,0.000001,4.79211E-005,11.8849,2.10393,7.99694,0.586635
-20,0.000001,4.79369E-005,11.8852,2.10186,7.99714,0.598302
-20,0.000001,4.79435E-005,11.8849,2.10078,7.99689,0.602476
-20,0.000001,4.79568E-005,11.8852,2.09907,7.9971,0.610896
-20,0.000001,4.79833E-005,11.8849,2.09519,7.99682,0.624992
-20,0.000001,4.80277E-005,11.8853,2.08912,7.997,0.644536
-20,0.000001,4.80489E-005,11.8849,2.08599,7.99673,0.651898
-20,0.000001,4.80914E-005,11.8853,2.08022,7.99691,0.664951
-20,0.000001,4.81443E-005,11.8849,2.07271,7.99644,0.677647
-20,0.000001,0.000048161,11.8852,2.07055,7.9965,0.681489
-20,0.000001,4.81943E-005,11.8849,2.06579,7.99592,0.688488
-20,0.000001,4.82322E-005,11.8852,2.0607,7.99572,0.69764
-20,0.000001,4.82702E-005,11.8849,2.05531,7.99497,0.707627
-20,0.000001,4.82832E-005,11.8852,2.05366,7.99505,0.711706
-20,0.000001,4.83094E-005,11.8849,2.04991,7.99444,0.719687
-20,0.000001,4.83617E-005,11.8852,2.0429,7.994,0.738084
-20,0.000001,4.84493E-005,11.8849,2.03079,7.99263,0.771754
-20,0.000001,4.84688E-005,11.8852,2.0283,7.99264,0.779923
-20,0.000001,4.85078E-005,11.8849,2.02285,7.99192,0.795697
-20,0.000001,4.85416E-005,11.8852,2.01843,7.99175,0.809864
-20,0.000001,4.85488E-005,11.8849,2.0173,7.99146,0.81261
-20,0.000001,4.85633E-005,11.8852,2.0155,7.99154,0.818777
-20,0.000001,4.85817E-005,11.8849,2.01287,7.99109,0.82605
-20,0.000001,4.86018E-005,11.8852,2.01031,7.99114,0.834344
-20,0.000001,4.86099E-005,11.8849,2.00907,7.9908,0.837325
-20,0.000001,0.000048626,11.8852,2.00705,7.99089,0.843981
-20,0.000001,4.86567E-005,11.8849,2.00277,7.99033,0.855701
-20,0.000001,4.86854E-005,11.8852,1.99907,7.99029,0.866833
-20,0.000001,4.87061E-005,11.8849,1.99615,7.98984,0.874256
-20,0.000001,4.87251E-005,11.8852,1.99377,7.98988,0.881324
-20,0.000001,4.87408E-005,11.8849,1.99151,7.98949,0.886653
-20,0.000001,4.87532E-005,11.8852,1.98999,7.9896,0.891216
-20,0.000001,4.87665E-005,11.8849,1.98918,7.98921,0.895535
-20,0.000001,4.87726E-005,11.8852,1.99278,7.98931,0.897888
-20,0.000001,4.87785E-005,11.8849,1.98986,7.98905,0.899635
-20,0.000001,0.00004878,11.8852,1.99104,7.98931,0.900375
-20,0.000001,0.000048783,11.8849,1.98987,7.98906,0.901127
-20,0.000001,0.000048786,11.8852,1.99011,7.98926,0.902352
-20,0.000001,4.87899E-005,11.8849,1.99012,7.98896,0.903424
-20,0.000001,4.87943E-005,11.8852,1.99034,7.98916,0.905089
-20,0.000001,4.87958E-005,11.8849,1.99092,7.98891,0.905358
-20,0.000001,4.87988E-005,11.8852,1.99065,7.98912,0.906539
-20,0.000001,4.88001E-005,11.8849,1.99154,7.98887,0.906754
-20,0.000001,4.88028E-005,11.8852,1.99126,7.98908,0.907837
-20,0.000001,4.88041E-005,11.8849,1.99201,7.98883,0.908044
-20,0.000001,4.88067E-005,11.8852,1.9921,7.98904,0.909131
-20,0.000001,4.88116E-005,11.8849,1.9933,7.98875,0.910484
-20,0.000001,4.88132E-005,11.8852,1.99349,7.98898,0.911205
-20,0.000001,4.88162E-005,11.8849,1.99411,7.98871,0.911946
-20,0.000001,4.88223E-005,11.8852,1.99565,7.98888,0.914112
-20,0.000001,4.88241E-005,11.8849,1.99591,7.98863,0.914444
-20,0.000001,4.88277E-005,11.8852,1.99712,7.98883,0.915803
-20,0.000001,4.88349E-005,11.8849,1.99882,7.98852,0.917798
-20,0.000001,4.88446E-005,11.8852,2.00211,7.98866,0.921002
-20,0.000001,4.88495E-005,11.8849,2.00337,7.98838,0.922233
-20,0.000001,4.88592E-005,11.8852,2.00701,7.98852,0.925349
-20,0.000001,4.88787E-005,11.8849,2.01374,7.9881,0.930697
-20,0.000001,0.000048897,11.8852,2.0213,7.98815,0.935977
-20,0.000001,4.89017E-005,11.8849,2.02282,7.98787,0.936987
-20,0.000001,4.89109E-005,11.8852,2.02688,7.98801,0.939661
-20,0.000001,4.89249E-005,11.8849,2.03206,7.98763,0.942998
-20,0.000001,4.89318E-005,11.8852,2.03518,7.9878,0.944969
-20,0.000001,4.89458E-005,11.8849,2.0403,7.98742,0.948127
-20,0.000001,4.89737E-005,11.8852,2.05148,7.98738,0.954792
-20,0.000001,4.90203E-005,11.8849,2.06879,7.98667,0.964332
-20,0.000001,4.90381E-005,11.8852,2.07576,7.98672,0.967984
-20,0.000001,4.90738E-005,11.8848,2.08842,7.98612,0.974103
-20,0.000001,4.91451E-005,11.8852,2.114,7.98561,0.985217
-20,0.000001,4.92588E-005,11.8848,2.15194,7.98413,0.998058
-20,0.000001,4.93015E-005,11.8852,2.16609,7.98389,1.002
-20,0.000001,4.93868E-005,11.8848,2.19259,7.98266,1.00773
-20,0.000001,4.95573E-005,11.8852,2.24411,7.9808,1.01554
-20,0.000001,4.96286E-005,11.8848,2.26425,7.97965,1.01716
-20,0.000001,4.97711E-005,11.8852,2.30438,7.97799,1.01982
-20,0.000001,5.00562E-005,11.8848,2.37969,7.97376,1.0217
-20,0.000001,5.01312E-005,11.8852,2.39919,7.97292,1.02212
-20,0.000001,5.02812E-005,11.8848,2.43639,7.9705,1.02214
-20,0.000001,5.05722E-005,11.8851,2.50603,7.96612,1.02264
-20,0.000001,5.05988E-005,11.8848,2.51167,7.96539,1.02242
-20,0.000001,0.000050652,11.8851,2.52324,7.96461,1.02267
-20,0.000001,0.000050717,11.8848,2.5343,7.963,1.02245
-20,0.000001,5.07332E-005,11.8851,2.537,7.96286,1.02268
-20,0.000001,5.07657E-005,11.8848,2.54069,7.96185,1.02244
-20,0.000001,5.08145E-005,11.8851,2.54554,7.96081,1.02267
-20,0.000001,5.08773E-005,11.8848,2.54882,7.95862,1.02247
-20,0.000001,5.08995E-005,11.8851,2.54997,7.95804,1.02272
-20,0.000001,5.09438E-005,11.8847,2.5508,7.9558,1.02255
-20,0.000001,5.09947E-005,11.885,2.55201,7.95232,1.02293
-20,0.000001,5.10095E-005,11.8846,2.55187,7.95028,1.02277
-20,0.000001,5.10391E-005,11.8848,2.55258,7.9448,1.02324
-20,0.000001,5.10736E-005,11.8841,2.55271,7.93247,1.0235
-20,0.000001,5.10806E-005,11.8844,2.55314,7.92949,1.02387
-20,0.000001,0.000051085,11.884,2.55288,7.92732,1.02372
-20,0.000001,5.10877E-005,11.8844,2.55322,7.92668,1.02399
-20,0.000001,5.10914E-005,11.8841,2.55301,7.92654,1.02379
-20,0.000001,5.10944E-005,11.8846,2.55331,7.92781,1.02402
-20,0.000001,5.10974E-005,11.8843,2.55313,7.92871,1.02377
-20,0.000001,5.11005E-005,11.8848,2.55338,7.93016,1.02397
-20,0.000001,5.11018E-005,11.8845,2.55323,7.93056,1.02372
-20,0.000001,5.11041E-005,11.885,2.55341,7.93257,1.02389
-20,0.000001,5.11064E-005,11.8848,2.55332,7.93425,1.02362
-20,0.000001,5.11086E-005,11.8851,2.55347,7.93577,1.02379
-20,0.000001,5.11112E-005,11.8848,2.55341,7.93623,1.02352
-20,0.000001,5.11121E-005,11.8851,2.55354,7.93661,1.02373
-20,0.000001,0.000051114,11.8848,2.55344,7.93668,1.02347
-20,0.000001,5.11149E-005,11.8852,2.5536,7.93712,1.02368
-20,0.000001,5.11167E-005,11.8849,2.55348,7.93737,1.02342
-20,0.000001,5.11176E-005,11.8852,2.55365,7.93788,1.02363
-20,0.000001,5.11194E-005,11.8849,2.55352,7.93824,1.02338
-20,0.000001,5.11231E-005,11.8853,2.55375,7.93963,1.02355
-20,0.000001,5.11292E-005,11.8851,2.55369,7.94114,1.02323
-20,0.000001,5.11321E-005,11.8854,2.55391,7.94216,1.02342
-20,0.000001,5.11379E-005,11.8851,2.55386,7.94349,1.02312
-20,0.000001,5.11494E-005,11.8856,2.55424,7.94657,1.0232
-20,0.000001,5.11539E-005,11.8852,2.55417,7.94731,1.02293
-20,0.000001,5.11629E-005,11.8856,2.55451,7.94931,1.02306
-20,0.000001,5.11808E-005,11.8853,2.5547,7.95186,1.0227
-20,0.000001,5.12106E-005,11.8855,2.55547,7.955,1.02279
-20,0.000001,5.12184E-005,11.8852,2.55547,7.9553,1.02255
-20,0.000001,0.000051234,11.8855,2.55595,7.95642,1.02274
-20,0.000001,5.12653E-005,11.8851,2.55641,7.95738,1.02247
-20,0.000001,5.13112E-005,11.8853,2.55746,7.95882,1.02266
-20,0.000001,5.13241E-005,11.885,2.55754,7.95882,1.02243
-20,0.000001,5.13501E-005,11.8853,2.55816,7.95951,1.02264
-20,0.000001,0.000051402,11.8849,2.55884,7.96001,1.02239
-20,0.000001,5.14237E-005,11.8852,2.55932,7.96052,1.0226
-20,0.000001,5.14671E-005,11.8849,2.55972,7.9608,1.02236
-20,0.000001,5.15537E-005,11.8852,2.5607,7.96199,1.02254
-20,0.000001,5.16983E-005,11.8849,2.56115,7.96327,1.02224
-20,0.000001,5.17525E-005,11.8852,2.56132,7.96405,1.02244
-20,0.000001,5.18609E-005,11.8849,2.56096,7.96489,1.02216
-20,0.000001,5.20776E-005,11.8852,2.56023,7.96717,1.02228
-20,0.000001,0.000052414,11.8849,2.55818,7.96983,1.02192
-20,0.000001,5.25164E-005,11.8852,2.55772,7.97088,1.02211
-20,0.000001,5.27213E-005,11.8849,2.55631,7.9722,1.02181
-20,0.000001,0.000053131,11.8852,2.55421,7.97522,1.0219
-20,0.000001,5.33018E-005,11.8849,2.55324,7.97603,1.02162
-20,0.000001,5.36435E-005,11.8852,2.55206,7.97817,1.02175
-20,0.000001,0.000054327,11.8849,2.55009,7.98107,1.02137
-20,0.000001,0.000055468,11.8852,2.54887,7.98492,1.02142
-20,0.000001,0.000055868,11.8849,2.54853,7.98557,1.02115
-20,0.000001,0.000056668,11.8852,2.54851,7.98711,1.02131
-20,0.000001,0.000058268,11.8849,2.54832,7.98812,1.02103
-20,0.000001,0.000059868,11.8852,2.54864,7.98854,1.02124
-20,0.000001,0.000060268,11.8849,2.54852,7.98831,1.02102
-20,0.000001,0.000061068,11.8852,2.54878,7.98855,1.02124
-20,0.000001,0.000062668,11.8849,2.54878,7.98833,1.02102
-20,0.000001,0.000063068,11.8852,2.54899,7.98857,1.02124
-20,0.000001,0.000063868,11.8849,2.5489,7.98834,1.02102
-20,0.000001,0.000065468,11.8852,2.54921,7.98858,1.02124
-20,0.000001,0.000067068,11.8849,2.54919,7.98835,1.02102
-20,0.000001,0.000067468,11.8852,2.54938,7.98858,1.02124
-20,0.000001,0.000068268,11.8849,2.54928,7.98835,1.02102
-20,0.000001,0.000069868,11.8852,2.54957,7.98859,1.02124
-20,0.000001,0.000071468,11.8849,2.54952,7.98836,1.02101
-20,0.000001,0.000071868,11.8852,2.54971,7.98859,1.02124
-20,0.000001,0.000072668,11.8849,2.5496,7.98836,1.02101
-20,0.000001,0.000074268,11.8852,2.54986,7.98859,1.02124
-20,0.000001,0.000074668,11.8849,2.54972,7.98836,1.02101
-20,0.000001,0.000075468,11.8852,2.54993,7.9886,1.02124
-20,0.000001,0.000077068,11.8849,2.54985,7.98836,1.02101
-20,0.000001,0.000078668,11.8852,2.55009,7.9886,1.02124
-20,0.000001,0.000079001,11.8849,2.54995,7.98836,1.02101
-20,0.000001,7.95005E-005,11.8852,2.55013,7.9886,1.02124
-20,0.000001,0.00008,11.8849,2.54999,7.98836,1.02101
,,,,,,
,,,,,,
Setup: Parameters or device casing alteration,,,,,,
Err:510,,,,,,
threshold=0 delay=45u ,,,,,,
